Description,Hashtag
"That sounds like JB, ima go with TRUTH! ğŸ¤”ğŸ¤£ #rodeotime #dalebrisby #jbmauney ","rodeotime, dalebrisby, jbmauney"
thanks for sticking around @Alonzofloriolli ,[]
#publicinterview #fyp #rizz ,"publicinterview, fyp, rizz"
Boat days hit different âœ¨,[]
a lululemonnnn. #prettygirl #foryoupage #trending #likes ,"prettygirl, foryoupage, trending, likes"
#fyp#family#pov,"fyp, family, pov"
Rainy days in the Maldives! ğŸ’§ #nature #datenight #dateideas #beachvibes ,"nature, datenight, dateideas, beachvibes"
dat boy was hoopin tho frğŸ˜‚  jus took a bad shot on dis oneğŸ˜­ #fyp #hunxho #atlanta #hooper #huncho #viral #blowthisup #foryoupage ,"fyp, hunxho, atlanta, hooper, huncho, viral, blowthisup, foryoupage"
His name is Hamster and heâ€™s just a boy ğŸ¥¹ğŸ¥¹ğŸ¥¹ #fyp #dogs #dogtok #dogsoftiktok #doglover  @Nutrish @North Shore Animal League ,"fyp, dogs, dogtok, dogsoftiktok, doglover"
"QuÃ© pasÃ³ con Valeria MÃ¡rquez? Hay sospechosos Entre los posibles sospechosos,Â se ha seÃ±alado a una amiga de MÃ¡rquez, Vivian De la Torre,Â quien le habrÃ­a insistido en quedarse en el lugar para recibir el supuesto regalo. Tras el crimen, De la Torre habrÃ­a desactivado los comentarios en sus redes sociales, lo que aumentÃ³ las sospechas en su contra. AdemÃ¡s,Luego de recibir acusaciones en su contra, Vivian De La Torre manifestÃ³ que â€œjamÃ¡s imaginÃ³ que esto le pasarÃ­a en ese momentoâ€, y que siempre le enviaba detalles â€œcuando estaba y cuando no estaba en vivoâ€. TambiÃ©n dijo que â€œles pido que dejen de hablar basÃ¡ndose en el morbo y de querer comparar personas, porque Vale para mÃ­ era una hermana y jamÃ¡s harÃ­a nada para lastimarlaâ€.El â€˜postâ€™ lo habrÃ­a hecho Valeria porque, al parecer, fue sacada de un bar por el personal de seguridad, quienes la agredieron. La foto que acompaÃ±a la historia dice: â€œFue mi actual pareja con la cual vivÃ­a. Por eso digo que es mi exâ€. La â€˜influencerâ€™ agregÃ³ queÂ â€œhago responsable cualquier cosa que me llegue a pasar a mÃ­ y a mi familia a esa persona (hasta si me tengo que salir de la ciudadEsa misma noche, Valeria publicÃ³ otra historia indicando que la sacaron del barÂ â€œporque no le gustÃ³ al muÃ±eco que yo llegara a divertirme. Y me dijeron â€˜por favor salte porque no sabes cÃ³mo se pone Ã©l. No me quiero meter en problemas con Ã©lâ€™â€.AdemÃ¡s, en un chat de WhatsApp, que serÃ­a de Valeria y su expareja sentimental, ella estarÃ­a siendo amenazada por Ã©l. En la conversaciÃ³n dice lo siguiente: â€“Â Exnovio: Para que aprendas a hacerme caso. No conoces mis peores lados y no te los quiero ir demostrando.Â Valeria: Vete alv. â€“Â Exnovio: TÃº muy a gusto, todo el dÃ­a mandÃ¡ndome a la ver#$ y todo el dÃ­a divirtiÃ©ndote. â€“Â Exnovio: Ten vergÃ¼enza de las cosas. Me haces hacer cosas que no quiero.Valeria MÃ¡rquez sabÃ­a que la iban a matar? El dÃ­a del crimen, la mujer habrÃ­a recibido una llamada de su asistente informÃ¡ndole sobre la entrega de un regalo costoso, el cual debÃ­a recibir personalmente. AsÃ­, el asesino se habrÃ­a disfrazado de repartidor para ejecutar el ataque. Antes de la transmisiÃ³n en la que fueasesinada, Valeria recibiÃ³ una misteriosa llamada en donde le dijeron que le iban a entregar un supuesto regalo: â€œOigan, Â¿quÃ© creen que me pasÃ³? Hoy andaba haciendo unas cosillas y me marca Ã‰rika y me dice â€˜oye, bebÃ©, es que te traen algo, pero que te lo quieren entregar a tiâ€™. Yo le dije que mÃ¡s o menos llegaba en una hora. Ella me dijo â€˜mejor me espero a que llegue ella porque es muy costosoâ€™. Â¿A mÃ­ quiÃ©n me va aandar regalando algo?â€. En otra grabaciÃ³n, que tambiÃ©n estÃ¡ circulando por redes sociales, se ve a Valeria MÃ¡rquez diciendo:Â â€œgÃ¼ey, a lo mejor me iban a matar (â€¦) un regalo costoso. En una hora regreso. Me iban a levantar (â€¦) gÃ¼ey, me quedÃ© preocupadaâ€.algunos de los cuales han estado vinculados a conflictos entre grupos criminales. Las autoridades continÃºan investigando para esclarecer los hechos y dar con los responsables.",[]
