video_id,author,description,likes,comments,shares,plays,hashtags,music,create_time,video_url,fetch_time,views,posted_time
7506183500660313390,dalebrisby90,"That sounds like JB, ima go with TRUTH! ü§îü§£ #rodeotime #dalebrisby #jbmauney ",44800,125,1863,686000.0,"rodeotime, dalebrisby, jbmauney",original sound,2025-05-19 15:45:53,https://www.tiktok.com/@dalebrisby90/video/7506183500660313390,,,
7507316543605280030,jessicafloriolli,thanks for sticking around @Alonzofloriolli ,285700,290,963,1200000.0,,ECE Marketing Airball,2025-05-22 17:02:36,https://www.tiktok.com/@jessicafloriolli/video/7507316543605280030,,,
7507286333505719582,ay_2fya,#publicinterview #fyp #rizz ,38000,65,496,416100.0,"publicinterview, fyp, rizz",original sound,2025-05-22 15:05:21,https://www.tiktok.com/@ay_2fya/video/7507286333505719582,,,
7506662216574209310,abell1823,Boat days hit different ‚ú®,87200,259,23600,725800.0,,If You Were Mine,2025-05-20 22:43:34,https://www.tiktok.com/@abell1823/video/7506662216574209310,,,
7506628206280363310,jordanmarielynnxoxo,a lululemonnnn. #prettygirl #foryoupage #trending #likes ,77600,724,1196,362100.0,"prettygirl, foryoupage, trending, likes",What Da Fuk,2025-05-20 20:32:12,https://www.tiktok.com/@jordanmarielynnxoxo/video/7506628206280363310,,,
7506306825709456671,aileenbrianna,#fyp#family#pov,30200,32,1096,303200.0,"fyp, family, pov",original sound,2025-05-19 23:44:31,https://www.tiktok.com/@aileenbrianna/video/7506306825709456671,,,
7506595744690818326,emiliabeattie,Rainy days in the Maldives! üíß #nature #datenight #dateideas #beachvibes ,782100,1267,88300,5100000.0,"nature, datenight, dateideas, beachvibes",original sound,2025-05-20 18:25:23,https://www.tiktok.com/@emiliabeattie/video/7506595744690818326,,,
7506303014022450462,datschan,dat boy was hoopin tho früòÇ  jus took a bad shot on dis oneüò≠ #fyp #hunxho #atlanta #hooper #huncho #viral #blowthisup #foryoupage ,38900,196,3441,254600.0,"fyp, hunxho, atlanta, hooper, huncho, viral, blowthisup, foryoupage",WTHELLY,2025-05-19 23:29:44,https://www.tiktok.com/@datschan/video/7506303014022450462,,,
7506715284967787807,@withlovenazia,His name is Hamster and he‚Äôs just a boy ü•πü•πü•π #fyp #dogs #dogtok #dogsoftiktok #doglover  @Nutrish @North Shore Animal League ,69000,333,1187,,"fyp, dogs, dogtok, dogsoftiktok, doglover",The Winner Is... - DeVotchKa Version,,https://www.tiktok.com/@withlovenazia/video/7506715284967787807,2025-05-25 11:38:31,238300.0,2025-05-21 02:09:20
7505393907056774406,@rodriulmtvq,"Qu√© pas√≥ con Valeria M√°rquez? Hay sospechosos Entre los posibles sospechosos,¬†se ha se√±alado a una amiga de M√°rquez, Vivian De la Torre,¬†quien le habr√≠a insistido en quedarse en el lugar para recibir el supuesto regalo. Tras el crimen, De la Torre habr√≠a desactivado los comentarios en sus redes sociales, lo que aument√≥ las sospechas en su contra. Adem√°s,Luego de recibir acusaciones en su contra, Vivian De La Torre manifest√≥ que ‚Äújam√°s imagin√≥ que esto le pasar√≠a en ese momento‚Äù, y que siempre le enviaba detalles ‚Äúcuando estaba y cuando no estaba en vivo‚Äù. Tambi√©n dijo que ‚Äúles pido que dejen de hablar bas√°ndose en el morbo y de querer comparar personas, porque Vale para m√≠ era una hermana y jam√°s har√≠a nada para lastimarla‚Äù.El ‚Äòpost‚Äô lo habr√≠a hecho Valeria porque, al parecer, fue sacada de un bar por el personal de seguridad, quienes la agredieron. La foto que acompa√±a la historia dice: ‚ÄúFue mi actual pareja con la cual viv√≠a. Por eso digo que es mi ex‚Äù. La ‚Äòinfluencer‚Äô agreg√≥ que¬†‚Äúhago responsable cualquier cosa que me llegue a pasar a m√≠ y a mi familia a esa persona (hasta si me tengo que salir de la ciudadEsa misma noche, Valeria public√≥ otra historia indicando que la sacaron del bar¬†‚Äúporque no le gust√≥ al mu√±eco que yo llegara a divertirme. Y me dijeron ‚Äòpor favor salte porque no sabes c√≥mo se pone √©l. No me quiero meter en problemas con √©l‚Äô‚Äù.Adem√°s, en un chat de WhatsApp, que ser√≠a de Valeria y su expareja sentimental, ella estar√≠a siendo amenazada por √©l. En la conversaci√≥n dice lo siguiente: ‚Äì¬†Exnovio: Para que aprendas a hacerme caso. No conoces mis peores lados y no te los quiero ir demostrando.¬†Valeria: Vete alv. ‚Äì¬†Exnovio: T√∫ muy a gusto, todo el d√≠a mand√°ndome a la ver#$ y todo el d√≠a divirti√©ndote. ‚Äì¬†Exnovio: Ten verg√ºenza de las cosas. Me haces hacer cosas que no quiero.Valeria M√°rquez sab√≠a que la iban a matar? El d√≠a del crimen, la mujer habr√≠a recibido una llamada de su asistente inform√°ndole sobre la entrega de un regalo costoso, el cual deb√≠a recibir personalmente. As√≠, el asesino se habr√≠a disfrazado de repartidor para ejecutar el ataque. Antes de la transmisi√≥n en la que fueasesinada, Valeria recibi√≥ una misteriosa llamada en donde le dijeron que le iban a entregar un supuesto regalo: ‚ÄúOigan, ¬øqu√© creen que me pas√≥? Hoy andaba haciendo unas cosillas y me marca √ârika y me dice ‚Äòoye, beb√©, es que te traen algo, pero que te lo quieren entregar a ti‚Äô. Yo le dije que m√°s o menos llegaba en una hora. Ella me dijo ‚Äòmejor me espero a que llegue ella porque es muy costoso‚Äô. ¬øA m√≠ qui√©n me va aandar regalando algo?‚Äù. En otra grabaci√≥n, que tambi√©n est√° circulando por redes sociales, se ve a Valeria M√°rquez diciendo:¬†‚Äúg√ºey, a lo mejor me iban a matar (‚Ä¶) un regalo costoso. En una hora regreso. Me iban a levantar (‚Ä¶) g√ºey, me qued√© preocupada‚Äù.algunos de los cuales han estado vinculados a conflictos entre grupos criminales. Las autoridades contin√∫an investigando para esclarecer los hechos y dar con los responsables.",31000,669,1059,,,sonido original,,https://www.tiktok.com/@rodriulmtvq/video/7505393907056774406,2025-05-25 11:38:31,3000000.0,2025-05-17 12:41:39
7506154337895271723,@karinita.193,Yo misma me puse el tinte estamos donde @Yaniris Henrriquez #viral #viralvideo #karinitaard #comedias #humorlatino #humor #comedia ,223200,3526,56400,,"viral, viralvideo, karinitaard, comedias, humorlatino",sonido original,,https://www.tiktok.com/@karinita.193/video/7506154337895271723,2025-05-25 11:38:31,6100000.0,2025-05-19 13:53:56
7505518823043288363,@lilkilp,,74200,161,4773,,,original sound - mood.__.lyrics,,https://www.tiktok.com/@lilkilp/video/7505518823043288363,2025-05-25 11:38:31,559900.0,2025-05-17 20:46:56
7506123982320569643,@yatusabaas,#oregon #mexicans #traveltiktok #hiker ,22200,51,403,,"oregon, mexicans, traveltiktok, hiker",original sound,,https://www.tiktok.com/@yatusabaas/video/7506123982320569643,2025-05-25 11:38:31,299600.0,2025-05-19 11:56:08
7505146890334244103,@lightmyboo,#fyp„Ç∑„Çö #fyp #clashroyale #supercell #111 ,105200,476,37200,,"fyp„Ç∑„Çö, fyp, clashroyale, supercell, 111",–æ—Ä–∏–≥—ñ–Ω–∞–ª—å–Ω–∏–π –∑–≤—É–∫,,https://www.tiktok.com/@lightmyboo/video/7505146890334244103,2025-05-25 11:38:31,1300000.0,2025-05-16 20:43:06
7506533272579624235,@antonio_marchiano,barely broke a sweat‚Ä¶ #fyp ,66300,333,467,,fyp,som original,,https://www.tiktok.com/@antonio_marchiano/video/7506533272579624235,2025-05-25 11:38:31,765200.0,2025-05-20 14:24:10
