video_id,author,description,likes,comments,shares,plays,hashtags,music,create_time,video_url
7507755013511384342,teamduxgaming,??????,368900,2776,52500,7200000,,sonido original,2025-05-23 21:23:56,https://www.tiktok.com/@teamduxgaming/video/7507755013511384342
7495844851142118702,braydenspamfam,I was in first place too  #blooket #school #relatable #student #gold #fyp #viral #foryou #fyp„Ç∑ ,529000,2971,46300,2600000,"blooket, school, relatable, student, gold, fyp, viral, foryou, fyp„Ç∑",original sound,2025-04-21 19:07:07,https://www.tiktok.com/@braydenspamfam/video/7495844851142118702
7507288807771819295,strawberrii_jam,For the 90‚Äôs babies #fyp #neongardens #chicago #chicagotravel #foryou #nickelodeon #90skids ,89000,156,29200,519900,"fyp, neongardens, chicago, chicagotravel, foryou, nickelodeon, 90skids",original sound,2025-05-22 15:14:59,https://www.tiktok.com/@strawberrii_jam/video/7507288807771819295
7501404880590867758,allieschnacky,I feel something coming soon üëÄüëÄ,881200,1351,22300,10300000,,Originalton,2025-05-06 18:43:01,https://www.tiktok.com/@allieschnacky/video/7501404880590867758
7500340294680988971,jordy4070,Sickening. @kinu ü§ç‚òïÔ∏èü¶¢ get behind me immediately. I thought you were giving strawberry shortcake cutesy vibes  #fyp #girlythings #ruffles #aestetic #fairycore #racism #foryoupage #slavery #strawberryshortcake ,191000,1279,743,912100,"fyp, girlythings, ruffles, aestetic, fairycore, racism, foryoupage, slavery, strawberryshortcake",Uncle Ruckus Theme,2025-05-03 21:51:37,https://www.tiktok.com/@jordy4070/video/7500340294680988971
7504432885043039510,jeffsstyle,Hot girls ass v 17 #hot #glutes #gymgirlsoftiktok #car #croissant #shorts ,57000,200,4541,1200000,"hot, glutes, gymgirlsoftiktok, car, croissant, shorts",Done For,2025-05-14 22:32:24,https://www.tiktok.com/@jeffsstyle/video/7504432885043039510
7507503186236771592,nicolhzu,Para m√≠ esta es de las mejores #liloandstitch #paratii #cinema #cine #foryoupage ,44800,249,11300,932600,"liloandstitch, paratii, cinema, cine, foryoupage",Hawaiian Roller Coaster Ride,2025-05-23 05:06:47,https://www.tiktok.com/@nicolhzu/video/7507503186236771592
7507660320131845382,ownitbabe,the rule is you tell them on the way to the airport üòÑ based on real events hahaha #familytime #dinnertime #parenting ,36500,70,2025,326800,"familytime, dinnertime, parenting",original sound,2025-05-23 15:16:31,https://www.tiktok.com/@ownitbabe/video/7507660320131845382
7506665256429620511,originalscammer1,#4u #fyp #relatabl ,135700,3914,39500,801700,"4u, fyp, relatabl",it is what it is.,2025-05-20 22:55:22,https://www.tiktok.com/@originalscammer1/video/7506665256429620511
7507493043805621534,.eslis,#Inverted ,155100,706,2286,1100000,inverted,original sound - teddy ‚òÖ,2025-05-23 04:27:39,https://www.tiktok.com/@.eslis/video/7507493043805621534
7507617472925748496,zozo_mua,Replying to @ilike.spinos I obviously added the keloid #erenjaeger  #ynbrainrot #aot #viral #ynmakeup #mikasa  #makeupjunkie #fyp #yn #levi ,173500,1132,13200,1200000,"erenjaeger, ynbrainrot, aot, viral, ynmakeup, mikasa, makeupjunkie, fyp, yn, levi",original sound,2025-05-23 12:30:46,https://www.tiktok.com/@zozo_mua/video/7507617472925748496
7497646181233741098,mena.19_,It‚Äôs too early pleaseeee STOPPPPü•π #mena19 #parati #foryoupage #starbucksdrinks #barista #starbucksbarista #caramelribboncrunch #frappuccino ,175100,3683,6232,3400000,"mena19, parati, foryoupage, starbucksdrinks, barista, starbucksbarista, caramelribboncrunch, frappuccino",female rage,2025-04-26 15:37:07,https://www.tiktok.com/@mena.19_/video/7497646181233741098
7505020354344111365,zth.training,Low driven pass ,223700,461,3328,3900000,,original sound,2025-05-16 12:32:05,https://www.tiktok.com/@zth.training/video/7505020354344111365
7505134476100455722,wbrlolboy,,167700,6490,49900,1700000,,–æ—Ä–∏–≥–∏–Ω–∞–ª—å–Ω—ã–π –∑–≤—É–∫,2025-05-16 19:55:03,https://www.tiktok.com/@wbrlolboy/video/7505134476100455722
7503122530115374378,saumya.sitch,"don‚Äôt waste your time on people that aren‚Äôt sure, matchmakers match you with real ones ‚ù§Ô∏è #sitch #dating ",73900,587,1111,1200000,"sitch, dating",original sound,2025-05-11 09:49:56,https://www.tiktok.com/@saumya.sitch/video/7503122530115374378
7507752038088854815,nataliepizzaa,proud of us ü•π #graduation #senior #highschool #college #bama #iowa #sombr ,115000,208,4419,520100,"graduation, senior, highschool, college, bama, iowa, sombr",original sound,2025-05-23 21:12:44,https://www.tiktok.com/@nataliepizzaa/video/7507752038088854815
7507433976064118046,stephaniejacqueline_,but I love posting lol üòÇüò≠ #holyairball #trending #viral #smallcreator #justagirl #fyp ,123300,2613,2500,777000,"holyairball, trending, viral, smallcreator, justagirl, fyp",ECE Marketing Airball,2025-05-23 00:38:19,https://www.tiktok.com/@stephaniejacqueline_/video/7507433976064118046
7507755541523975466,evryjewels,Btw all jewelry only $4.99 this weekend only #fyp #rating ,72300,145,260,1900000,"fyp, rating",original sound,2025-05-23 21:26:43,https://www.tiktok.com/@evryjewels/video/7507755541523975466
7507781374665870635,haleyybaylee,@mark sorry but ur mine now #prom ,126600,651,905,805300,prom,original sound,2025-05-23 23:06:45,https://www.tiktok.com/@haleyybaylee/video/7507781374665870635
7507168526386433310,coleworld2002,Okay now that that‚Äôs out of my system I‚Äôm good nowü´Çfarewell ,191500,3970,36800,595300,,original sound,2025-05-22 07:29:08,https://www.tiktok.com/@coleworld2002/video/7507168526386433310
7505079923002985774,missmack444,growing up the only girl outta 6 boys will do that to you fr üò≠üò≠,196400,1977,19300,672700,,original sound,2025-05-16 16:23:25,https://www.tiktok.com/@missmack444/video/7505079923002985774
7507709868682349880,racingirlsmx,ü§† #patooward #indy500 @Pato O‚ÄôWard ,92000,209,2025,1400000,"patooward, indy500",sonido original,2025-05-23 18:28:48,https://www.tiktok.com/@racingirlsmx/video/7507709868682349880
7507353158595644694,nicolasvasek,,163400,728,78700,998000,,Chantaje (feat. Maluma),2025-05-22 19:24:30,https://www.tiktok.com/@nicolasvasek/video/7507353158595644694
7507791321583897902,alexajordynnn,"a salt rim and you‚Äôll get almost anything, if I‚Äôm being real with myself ",78200,306,24100,523900,,original sound,2025-05-23 23:45:32,https://www.tiktok.com/@alexajordynnn/video/7507791321583897902
7507198561801489707,thefrequencyx,True Story‚Ä¶ #paramore #music #fyp #foryoupage #rock #funny #viral ,82900,224,16400,615300,"paramore, music, fyp, foryoupage, rock, funny, viral",original sound,2025-05-22 09:24:51,https://www.tiktok.com/@thefrequencyx/video/7507198561801489707
7504764696466165023,bigrigbruce,I got deported back to Canada with my Scaniaüò¨ #trucks #trucking #trucker #truckdriver #peterbilt #scania #kenworth #semi #largecarmafia #iowacustoms #gisholland #dieselpower #dieselmechanic #diesellife #righttracksystem #stance #power #speed #trending #viral,38100,291,96,951400,"trucks, trucking, trucker, truckdriver, peterbilt, scania, kenworth, semi, largecarmafia, iowacustoms, gisholland, dieselpower, dieselmechanic, diesellife, righttracksystem, stance, power, speed, trending, viral",original sound,2025-05-15 20:00:08,https://www.tiktok.com/@bigrigbruce/video/7504764696466165023
7507324977322921259,tyhall23,what does it show for you? #soccer #futbol #dream #fyp #viral #blowthisup ,136600,518,679,2000000,"soccer, futbol, dream, fyp, viral, blowthisup",original sound,2025-05-22 17:35:21,https://www.tiktok.com/@tyhall23/video/7507324977322921259
7499557964127178006,kaylaimee,Replying to @‚òÖBf‚òÖ„ÉªFollowing PLSSS MY JAW DROPPED WHEN HE SAID THAT HAHAHA ü§£ü§£ü§£ #fyp #characterai #cai #ai ,845400,5799,148100,6800000,"fyp, characterai, cai, ai",original sound,2025-05-01 19:15:10,https://www.tiktok.com/@kaylaimee/video/7499557964127178006
7507311319314353464,281imb,–æ—Ç–º–µ—á–∞–π –ø–æ–¥—Ä—É–≥—É,158900,843,47600,1200000,,original sound,2025-05-22 16:42:10,https://www.tiktok.com/@281imb/video/7507311319314353464
7505012908909235462,jota_erre666,,505300,2323,5408,16100000,,A quinientos pesos el kilo,2025-05-16 12:03:12,https://www.tiktok.com/@jota_erre666/video/7505012908909235462
7501859372524473642,chuckpitts_,YouTube: Chuck Pitts #fyp #viral #youtube #prank ,29300,84,1842,569000,"fyp, viral, youtube, prank",original sound,2025-05-08 00:06:08,https://www.tiktok.com/@chuckpitts_/video/7501859372524473642
7507768458130771246,whatamidoinginlifee,I initially thought they are cringe but now I‚Äôm wondering if they get the party goin and if I should get them #weddingtiktok #bridetobe #advice #bride ,34600,1735,284,698900,"weddingtiktok, bridetobe, advice, bride",PARTY 4 U x NEVER BE LIKE YOU,2025-05-23 22:16:53,https://www.tiktok.com/@whatamidoinginlifee/video/7507768458130771246
7505056597148781829,sara.wais,we‚Äôre getting closer‚Ä¶ #ginnyandgeorgia ,285800,737,3227,1800000,ginnyandgeorgia,original sound,2025-05-16 14:52:42,https://www.tiktok.com/@sara.wais/video/7505056597148781829
7507320824693722414,asnowflake4me,,341100,430,44200,1600000,,Pocketful of Sunshine,2025-05-22 17:19:17,https://www.tiktok.com/@asnowflake4me/video/7507320824693722414
7508051275469065503,tatithehottiee,Day 3 #streaminguniversity #tatithehottiee #wendyortiz ,73300,98,101,523900,"streaminguniversity, tatithehottiee, wendyortiz",I Aint Got No Panties on on the Dance Flooo,2025-05-24 16:33:55,https://www.tiktok.com/@tatithehottiee/video/7508051275469065503
7503564091471039766,loyaldogs_,The last time I wrestled Vifor he had a tail üò≠,337500,1116,3138,4600000,,original sound,2025-05-12 14:21:03,https://www.tiktok.com/@loyaldogs_/video/7503564091471039766
7498036562844831007,doughertydozen,Average day at the #DoughertyDozen House. *OC: @Lemur Brain #IfIBackItUp #Trend #fyp ,229200,2769,102600,2800000,"doughertydozen, ifibackitup, trend, fyp",original sound,2025-04-27 16:51:53,https://www.tiktok.com/@doughertydozen/video/7498036562844831007
7507320493855313157,krei.z.in.the.kitchen,Assume I‚Äôm always here üò≠ #linecook #waitress #restaurant #fyp #hospitality #bartender ,78200,61,3312,369100,"linecook, waitress, restaurant, fyp, hospitality, bartender",original sound - hjgfilm,2025-05-22 17:17:48,https://www.tiktok.com/@krei.z.in.the.kitchen/video/7507320493855313157
7507273874090855710,ornacosplay,He doesn‚Äôt have TikTok üò≠üò≠ #fyp #femboy,131800,1552,43700,855400,"fyp, femboy",the WORLD ÔºçTV SizeÔºç,2025-05-22 14:17:04,https://www.tiktok.com/@ornacosplay/video/7507273874090855710
7507730996528205087,chicksintheoffice,So proud of @Joey Graziadei ,52400,32,683,703900,,Aggy,2025-05-23 19:51:03,https://www.tiktok.com/@chicksintheoffice/video/7507730996528205087
7507356518564613418,salomeandreaa,I put mascara on today #fyp,51100,120,119,465700,fyp,original sound,2025-05-22 19:37:48,https://www.tiktok.com/@salomeandreaa/video/7507356518564613418
7506981066301885727,3muska_tits,#foryoupage #fyp #brainrot ,46000,655,4725,424700,"foryoupage, fyp, brainrot",original sound,2025-05-21 19:20:46,https://www.tiktok.com/@3muska_tits/video/7506981066301885727
7507743043467103519,lambgolf,US OPEN 99.99% Accuracyü§£ü§£ #golf #golftok #golftiktok ,28900,100,1589,421800,"golf, golftok, golftiktok",Funny Song,2025-05-23 20:37:43,https://www.tiktok.com/@lambgolf/video/7507743043467103519
7507357008920726815,marissaanns0,Nothing beats Kendrick dancing in the rain ‚Ä¢ Kendrick Lamar ‚Ä¢ Hey Now ‚Ä¢ Grand National Tour ‚Ä¢ 17 May 2025 #kendricklamar #grandnationaltour2025 #grandnational #rain #gnx #heynow #seattle #kdot ,154500,387,4906,884400,"kendricklamar, grandnationaltour2025, grandnational, rain, gnx, heynow, seattle, kdot",original sound,2025-05-22 19:39:35,https://www.tiktok.com/@marissaanns0/video/7507357008920726815
7507773716802194718,jalexandraf,The things I come home too üòÇ#louisiana #johnboat #pool #Summer #onlyinlouisiana #backyardvibes @Colby Colson ,58100,583,28800,801900,"louisiana, johnboat, pool, summer, onlyinlouisiana, backyardvibes",Redneck Yacht Club,2025-05-23 22:36:52,https://www.tiktok.com/@jalexandraf/video/7507773716802194718
7507432686026280223,gwennnpriceee,,48000,154,4088,722700,,Easy,2025-05-23 00:33:23,https://www.tiktok.com/@gwennnpriceee/video/7507432686026280223
7507329810725850414,ireadpeculiarbooks,he is a menace. that's how i ended up with the complete TMNT series on dvd and a bill cipher tattoo. #fyp #transformers #mallhaul #shopping #optimusprime #converse #tmnt #gravityfalls ,13300,27,622,172600,"fyp, transformers, mallhaul, shopping, optimusprime, converse, tmnt, gravityfalls",PPL ARE USING MY SOUND HOLY FCK,2025-05-22 17:54:07,https://www.tiktok.com/@ireadpeculiarbooks/video/7507329810725850414
7507341561605229846,booktokerpage,ü™íüòú#binding13 #keeping13 #saving 6 #redeeming6 #chloewalsh #johnnykavanagh #shannonlynch #joeylynch #gibsiegibson #book #BookTok #bookworm #bookrecommendations #bookrecs #fy #fyp,95700,251,1300,1000000,"binding13, keeping13, saving, redeeming6, chloewalsh, johnnykavanagh, shannonlynch, joeylynch, gibsiegibson, book, booktok, bookworm, bookrecommendations, bookrecs, fy, fyp",original sound,2025-05-22 18:39:31,https://www.tiktok.com/@booktokerpage/video/7507341561605229846
7507764323586936107,outtpig,Always looking for a reaction #POV #comedy #family #relatable #childhood ,226400,856,9667,1100000,"pov, comedy, family, relatable, childhood",original sound,2025-05-23 22:00:32,https://www.tiktok.com/@outtpig/video/7507764323586936107
7507336366515178783,iluvvjaszyy,üíîüíîüíî it‚Äôs okay bae we all a lil yea yfmmmm,59500,458,11100,294800,,original sound,2025-05-22 18:19:30,https://www.tiktok.com/@iluvvjaszyy/video/7507336366515178783
7507676409523932446,thenecessaryconversation,New episodes every Sunday on Youtube and wherever you listen to podcasts #trump #boomers,57000,1748,833,541900,"trump, boomers",original sound,2025-05-23 16:19:10,https://www.tiktok.com/@thenecessaryconversation/video/7507676409523932446
7507546709610827054,gneid65g,#gumball #fyp„Ç∑ #foryou #animation ,76000,130,566,716200,"gumball, fyp„Ç∑, foryou, animation",original sound,2025-05-23 07:57:48,https://www.tiktok.com/@gneid65g/video/7507546709610827054
7507906490699697415,muratiswatchin,#–∏–≤–∞–Ω–∑–æ–ª–æ,71600,497,1322,1600000,–∏–≤–∞–Ω–∑–æ–ª–æ,–æ—Ä–∏–≥–∏–Ω–∞–ª—å–Ω—ã–π –∑–≤—É–∫,2025-05-24 07:11:46,https://www.tiktok.com/@muratiswatchin/video/7507906490699697415
7507352135038749957,ssstaisha,,206100,242,32100,1200000,,—Ä–µ—à–∞–ª–∞ —Å–∞–º —Ä–µ—à–∞–µ—Ç –≤—Å—ë,2025-05-22 19:20:37,https://www.tiktok.com/@ssstaisha/video/7507352135038749957
7507393334139211039,ilovenesquickboy,THIS IS SO FUN #Jesuslovesyou #Christianhumor #uareloved #churchtiktok #ily ,28600,416,350,279400,"jesuslovesyou, christianhumor, uareloved, churchtiktok, ily",Back 2 the basics,2025-05-22 22:00:31,https://www.tiktok.com/@ilovenesquickboy/video/7507393334139211039
7504874323895668023,moliternialee,#somatotipo #genetica #mesomorfo #ectomorfo #endomorfo #tipos #gymtok #cuerpo #fisico #fitnesstiktok ,174400,2744,4213,7200000,"somatotipo, genetica, mesomorfo, ectomorfo, endomorfo, tipos, gymtok, cuerpo, fisico, fitnesstiktok",som original,2025-05-16 03:05:27,https://www.tiktok.com/@moliternialee/video/7504874323895668023
7504917025744047391,scholarlyr6,Thank god they nerfed sledge üôè#rainbowsixsiege #Glitch #jynxzi #stompn #champion ,64600,1247,10900,732400,"rainbowsixsiege, glitch, jynxzi, stompn, champion",oh my god bruh oh hell na man,2025-05-16 05:51:51,https://www.tiktok.com/@scholarlyr6/video/7504917025744047391
7507685389159648543,itsdreamsworl,‚öíÔ∏èü¶æ  #itsdreamsworl #benchpress #weightlifting #gymtok #fypp #workout #fyp„Ç∑„Çöviral #foryouu #workouts #foryourpage #strong #bodybuilder #fitness #fyp #strength #viral ,89200,256,2512,869000,"itsdreamsworl, benchpress, weightlifting, gymtok, fypp, workout, fyp„Ç∑„Çöviral, foryouu, workouts, foryourpage, strong, bodybuilder, fitness, fyp, strength, viral",I'm coming for it all,2025-05-23 16:54:00,https://www.tiktok.com/@itsdreamsworl/video/7507685389159648543
7507713829254499630,chopfromgta,monthly trim üíÖüèæ #rottweiler #rottweilersoftiktok #dogsoftiktok #doggiesoftiktok #petsoftiktok ,386900,3572,48600,3500000,"rottweiler, rottweilersoftiktok, dogsoftiktok, doggiesoftiktok, petsoftiktok",original sound,2025-05-23 18:44:39,https://www.tiktok.com/@chopfromgta/video/7507713829254499630
7507367971065433390,anarinen,Do you hear two cards? #labubu #labubuthemonsters #labubumacarons #popmart #blindbox @POP MART US @POP MART ,25300,149,1792,541000,"labubu, labubuthemonsters, labubumacarons, popmart, blindbox",original sound,2025-05-22 20:22:09,https://www.tiktok.com/@anarinen/video/7507367971065433390
7501819713576619310,jessakatan,This is amazing!! #bubbles #bubblemachine #toysforkids #activitiesforkids #parentsoftiktok #momsoftiktok #screenfreeplay ,377200,2386,72200,11500000,"bubbles, bubblemachine, toysforkids, activitiesforkids, parentsoftiktok, momsoftiktok, screenfreeplay",original sound,2025-05-07 21:32:26,https://www.tiktok.com/@jessakatan/video/7501819713576619310
7505102171159923998,xxpushinpretty,Come back for the reveal üò© #noseporepatch #peachslices #satisfying #skintok #acnejourney #fy ,277800,286,2086,5100000,"noseporepatch, peachslices, satisfying, skintok, acnejourney, fy",original sound,2025-05-16 17:49:39,https://www.tiktok.com/@xxpushinpretty/video/7505102171159923998
7507772623531625758,weluvanahi,Finallyyyy,93100,153,1678,401100,,original sound,2025-05-23 22:32:29,https://www.tiktok.com/@weluvanahi/video/7507772623531625758
7507670355385879854,roewhitney,,128100,11600,416,759300,,sonido original,2025-05-23 15:56:11,https://www.tiktok.com/@roewhitney/video/7507670355385879854
7507824125373599019,theo_tri3s,maybe next time,107700,366,20100,497300,,original sound,2025-05-24 01:52:38,https://www.tiktok.com/@theo_tri3s/video/7507824125373599019
7507884651864804639,corribae_,Replying to @MeKaelyn This is all i got!!,35900,93,342,562800,,original sound,2025-05-24 05:47:39,https://www.tiktok.com/@corribae_/video/7507884651864804639
7507792557691211051,jairojgk,Me voy pa all√° #humor #comedia #viral #üòÇ ,13300,1232,13700,681200,"humor, comedia, viral, üòÇ",sonido original,2025-05-23 23:50:12,https://www.tiktok.com/@jairojgk/video/7507792557691211051
7507058028235984159,ky1ie4,,169800,539,2973,507700,,Sex√©,2025-05-22 00:19:22,https://www.tiktok.com/@ky1ie4/video/7507058028235984159
7507406191178419487,thefrenchiegoat,Big back big back ü§£ #frenchbulldog #thefrenchiegoat #dogsoftiktok #pets #dogs #,76600,535,30200,717800,"frenchbulldog, thefrenchiegoat, dogsoftiktok, pets, dogs",Big Back - The Original Parody,2025-05-22 22:50:27,https://www.tiktok.com/@thefrenchiegoat/video/7507406191178419487
7507003603136105784,jaydencroes,In the big 25 btw @Gil Croes ,202800,1276,11100,2100000,,Muffins In The Freezer,2025-05-21 20:48:08,https://www.tiktok.com/@jaydencroes/video/7507003603136105784
7507443802521554206,coconutpuppywww,Part 9:  Dog and cat friendshipüê∂‚ù§Ô∏èüê±#bestbuddy #catdog#dog #foryou #cute #cat #dog #fyp#friendship  #doglove#funnyvideo #funnyy#catsoftiktok #dogsoftiktok,532000,322,49700,2000000,"bestbuddy, catdog, dog, foryou, cute, cat, fyp, friendship, doglove, funnyvideo, funnyy, catsoftiktok, dogsoftiktok",original sound,2025-05-23 01:16:28,https://www.tiktok.com/@coconutpuppywww/video/7507443802521554206
7499985269697891626,ashleyd123_,go. spill. #fyp #tea #fails #dm #funny #tellmesomething ,454300,19800,10100,5100000,"fyp, tea, fails, dm, funny, tellmesomething",Unwritten x Midnight City by Alt√©go,2025-05-02 22:53:57,https://www.tiktok.com/@ashleyd123_/video/7499985269697891626
7507800592698395946,zandioss,Darth Vader in the back likeüï¥Ô∏è#fyp #blowthisup #viral #gamingszn #trending #battlefront2 #battlefront3 #battlefrontcommunity #starwars #starwarsmemes #starwarsfyp #starwarsedit #gamingontiktok #repost #viralvideo #starwarsfan #gamingsetup #battlefront2clips #battlefront2vids ,78700,425,3094,586900,"fyp, blowthisup, viral, gamingszn, trending, battlefront2, battlefront3, battlefrontcommunity, starwars, starwarsmemes, starwarsfyp, starwarsedit, gamingontiktok, repost, viralvideo, starwarsfan, gamingsetup, battlefront2clips, battlefront2vids",original sound - MAHREZ,2025-05-24 00:21:20,https://www.tiktok.com/@zandioss/video/7507800592698395946
7505701371258129672,madidillon_,WAIT WAIT WAIT,97900,258,14100,2400000,,original sound,2025-05-18 08:34:45,https://www.tiktok.com/@madidillon_/video/7505701371258129672
7507449453071076616,sergeyinozemtsev5,,286400,430,1662,6300000,,–æ—Ä–∏–≥–∏–Ω–∞–ª—å–Ω—ã–π –∑–≤—É–∫,2025-05-23 01:38:13,https://www.tiktok.com/@sergeyinozemtsev5/video/7507449453071076616
7507350550443281707,avagalore,The fucküò≠üò≠üò≠ #fyp„Ç∑ ,46400,487,958,238200,fyp„Ç∑,original sound,2025-05-22 19:14:36,https://www.tiktok.com/@avagalore/video/7507350550443281707
7507545627677560072,muratiswatchin,#–∏–≤–∞–Ω–∑–æ–ª–æ ,74200,361,1239,1500000,–∏–≤–∞–Ω–∑–æ–ª–æ,All I Need,2025-05-23 07:51:27,https://www.tiktok.com/@muratiswatchin/video/7507545627677560072
7507268432971271454,allie.wardenn,#florida #beachtown #live #moving ,15100,1716,219,429400,"florida, beachtown, live, moving",original sound,2025-05-22 13:55:57,https://www.tiktok.com/@allie.wardenn/video/7507268432971271454
7507248499164056854,brainfuel3000,#deer #overthinking #road #sad #depressed #viral ,940100,942,135400,3300000,"deer, overthinking, road, sad, depressed, viral",Careless whisper Sped up by doja cat,2025-05-22 12:38:25,https://www.tiktok.com/@brainfuel3000/video/7507248499164056854
7507661649629695278,pernfishing,#longisland #sunset #fishinglife #sportfishing ,161000,1468,133500,1400000,"longisland, sunset, fishinglife, sportfishing",original sound,2025-05-23 15:22:27,https://www.tiktok.com/@pernfishing/video/7507661649629695278
7507834286838500664,phraiim,Go easy on @Deshae Frost üò≠ #deshaefrost #indialove #twitch #streameruniversity ,69500,1165,9666,537300,"deshaefrost, indialove, twitch, streameruniversity",Get Streched,2025-05-24 02:31:37,https://www.tiktok.com/@phraiim/video/7507834286838500664
7507410249175797022,_atg.aj,üòÇüíØ #fyp #viral #relatable #relatable #couple ,68300,489,7100,365600,"fyp, viral, relatable, couple",ÿßŸÑÿµŸàÿ™ ÿßŸÑÿ£ÿµŸÑŸä,2025-05-22 23:06:10,https://www.tiktok.com/@_atg.aj/video/7507410249175797022
7507719566965984554,jameslwhitee,Can‚Äôt stop‚Ä¶ won‚Äôt stop ,29900,47,791,304900,,original sound,2025-05-23 19:07:07,https://www.tiktok.com/@jameslwhitee/video/7507719566965984554
7498522112504827191,cathyandfam,my daughter and grandbaby doing there first mother daughter dance ü•∞üíù‚ù§Ô∏è,321900,1987,13900,1200000,,original sound,2025-04-29 00:15:35,https://www.tiktok.com/@cathyandfam/video/7498522112504827191
7505527167439097110,ossy0815,,33900,454,585,1200000,,Originalton,2025-05-17 21:18:45,https://www.tiktok.com/@ossy0815/video/7505527167439097110
7507661091363753246,jesus.christ.reigns,#consejos #motivation #reflexion #frases #amor #fyp #parati ,461900,4020,112700,6400000,"consejos, motivation, reflexion, frases, amor, fyp, parati",original sound,2025-05-23 15:19:57,https://www.tiktok.com/@jesus.christ.reigns/video/7507661091363753246
7507438375616515374,notysl._.h,#liloandstitch #liloandstitchliveaction #fyp #disney ,48400,478,195,605600,"liloandstitch, liloandstitchliveaction, fyp, disney",Hawaiian Roller Coaster Ride,2025-05-23 00:55:32,https://www.tiktok.com/@notysl._.h/video/7507438375616515374
7505067356423474475,porojin,I was gonna caption this smth but my PR team recommended I didn‚Äôt üòäüòä,299100,1694,3967,2400000,,Gnarly,2025-05-16 15:34:38,https://www.tiktok.com/@porojin/video/7505067356423474475
7503681014368144683,lore.acholi,Day out with the girls :))),137500,716,32600,460000,,Akon's Beautiful Day,2025-05-12 21:55:18,https://www.tiktok.com/@lore.acholi/video/7503681014368144683
7507707605909998894,theclipstudiox,Kai Cenat had India Love STRESSING that she was about to get EXPELLED üò≠üôè #indialove #kaicenat ,29400,294,65,773900,"indialove, kaicenat",this feeling,2025-05-23 18:20:46,https://www.tiktok.com/@theclipstudiox/video/7507707605909998894
7507725658810797342,ashleyvlaz,#trending ,18500,1531,2471,724200,trending,original sound,2025-05-23 19:30:20,https://www.tiktok.com/@ashleyvlaz/video/7507725658810797342
7499173952388910378,squibnasty,Top tier comeback ü§£ #sketch #thesketchreal #sketchclips #funny #cinna ,511500,834,29600,4400000,"sketch, thesketchreal, sketchclips, funny, cinna",Let Me Know (feat. Future),2025-04-30 18:25:48,https://www.tiktok.com/@squibnasty/video/7499173952388910378
7507624909879790891,thebookofbriana,@stevemadden please bring back the Galatik pump.,107100,428,129,980700,,original sound,2025-05-23 13:00:23,https://www.tiktok.com/@thebookofbriana/video/7507624909879790891
7507644710702402834,polya_vip1212,#fyp #foryourpage #on #childhood,674800,4376,51300,3100000,"fyp, foryourpage, on, childhood",suono originale - auri,2025-05-23 14:15:54,https://www.tiktok.com/@polya_vip1212/video/7507644710702402834
7507769866779184415,jamievanslooten,cmon now be soooo fr,11000,40,49,338500,,ECE Marketing Airball,2025-05-23 22:21:52,https://www.tiktok.com/@jamievanslooten/video/7507769866779184415
7507732240332311839,c4pr1i,should i?,53200,1336,461,1500000,,Como T√∫,2025-05-23 19:55:52,https://www.tiktok.com/@c4pr1i/video/7507732240332311839
7507316168831618335,_iluvwillll,So glad we not pregnant and dregnantüòÆ‚Äçüí®üò© @Valeria ‚òÜ ,246500,775,37300,1100000,,Hoochie Coochie,2025-05-22 17:01:05,https://www.tiktok.com/@_iluvwillll/video/7507316168831618335
7507516793510972702,yuadfu.2,#fyp #fyp„Ç∑ #fyp„Ç∑„Çöviral #movieclip #foryou #edit #100k #100m ,83500,266,741,459900,"fyp, fyp„Ç∑, fyp„Ç∑„Çöviral, movieclip, foryou, edit, 100k, 100m",original sound,2025-05-23 06:00:00,https://www.tiktok.com/@yuadfu.2/video/7507516793510972702
7507250254086032686,jndhoo,#tiktok #fyp„Ç∑„Çöviral #fyp„Ç∑„Çöviralüñ§tiktok,64700,219,263,1100000,"tiktok, fyp„Ç∑„Çöviral, fyp„Ç∑„Çöviralüñ§tiktok",original sound - mike218,2025-05-22 23:35:00,https://www.tiktok.com/@jndhoo/video/7507250254086032686
7507290479499857198,ucouldcallmegod,a relationship where we lift eachother up #lesbian #lgbt ,63100,103,1210,428800,"lesbian, lgbt",som original,2025-05-22 15:21:28,https://www.tiktok.com/@ucouldcallmegod/video/7507290479499857198
7507858816667585823,lifeonseasalts,@Indialove #streamersuniversity #indialove #dukedennis #wendyortiz #ddg ,120800,2716,914,826400,"streamersuniversity, indialove, dukedennis, wendyortiz, ddg",original sound,2025-05-24 04:06:59,https://www.tiktok.com/@lifeonseasalts/video/7507858816667585823
7504830895954595102,bethanyspeciale,This is the last thing I wanted to do but I also refuse to walk around with a broken nail so here we are. ,49700,97,187,1100000,,original sound,2025-05-16 00:17:03,https://www.tiktok.com/@bethanyspeciale/video/7504830895954595102
7506533666705739054,uhfcer35,,32200,128,140,472200,,original sound,2025-05-20 14:25:39,https://www.tiktok.com/@uhfcer35/video/7506533666705739054
7505095259878149406,jborc33,Breaking News: Cartel leaders are brokering deals with this administration üá≤üáΩüí∞ #immigration #mexico #cartel #trumpadministration #openborders #creatorsearchinsights ,141600,1529,9873,833200,"immigration, mexico, cartel, trumpadministration, openborders, creatorsearchinsights",original sound,2025-05-16 17:22:52,https://www.tiktok.com/@jborc33/video/7505095259878149406
7507497750850800926,idontwannabethisway,#foryoupage #relatable #fyp ,163200,742,10400,532100,"foryoupage, relatable, fyp",original sound,2025-05-23 04:46:11,https://www.tiktok.com/@idontwannabethisway/video/7507497750850800926
7507387751206030599,yahairosilva,Ya lo vieron? üíÄüëÄ#humor #comedia #fyp #viral #tiktok ,132300,2965,1418,2600000,"humor, comedia, fyp, viral, tiktok",som original,2025-05-22 21:38:49,https://www.tiktok.com/@yahairosilva/video/7507387751206030599
7506593016979688726,hollyaustin_makeupartist,"This top is a game changer for any chronically ill, cancer patients, for dialysis the list goes on ü§ç @Porto & Bello The long sleeve T shirt in Lavender üíú #accessibleclothing #chronicillness #chronicillnessawareness #cancerpatient #chemo #kidneydialysis #endometriosis #endowarrior #fyp ",82600,561,771,1600000,"accessibleclothing, chronicillness, chronicillnessawareness, cancerpatient, chemo, kidneydialysis, endometriosis, endowarrior, fyp",d≈∫wiƒôk oryginalny,2025-05-20 18:14:48,https://www.tiktok.com/@hollyaustin_makeupartist/video/7506593016979688726
7507459099693501739,kingarthurkam,eyebrow merchant #lordoftherings #lotr #middleearth #thehobbit #tolkien ,55200,271,5935,358900,"lordoftherings, lotr, middleearth, thehobbit, tolkien",original sound,2025-05-23 02:16:14,https://www.tiktok.com/@kingarthurkam/video/7507459099693501739
7507703823654276383,.coraxnyc,Add your eye for an edit!! #eyetrend #eyes,155000,30400,651,1000000,"eyetrend, eyes",original sound,2025-05-23 18:05:35,https://www.tiktok.com/@.coraxnyc/video/7507703823654276383
7507120351751523614,maribella4413,Stepped up dad #stepdad #stepparents #stepfather #fyp„Ç∑ #foryoupage #fyp ,15700,128,1340,281100,"stepdad, stepparents, stepfather, fyp„Ç∑, foryoupage, fyp",intro x chorus the night we met,2025-05-22 04:21:37,https://www.tiktok.com/@maribella4413/video/7507120351751523614
7507678514737417502,alixearle,Shooting the cover of WSJ!!! Read/watch my interviews :) link in bio üëèüèªüíï,62300,116,160,633600,,original sound,2025-05-23 16:27:25,https://www.tiktok.com/@alixearle/video/7507678514737417502
7507278998225849606,middlepets,When You're Big‚Ä¶ But the Mouse Is Bigger (Mentally),80300,3393,24100,2100000,,original sound - middlepets,2025-05-22 14:36:45,https://www.tiktok.com/@middlepets/video/7507278998225849606
7505099337073036551,pablolmoran,Por qu√© no cooperas @Raul G. Meneses ? ,221400,1625,193800,2000000,,ƒ∞syankar,2025-05-16 17:38:35,https://www.tiktok.com/@pablolmoran/video/7505099337073036551
7507808592779545902,addiiandmilo,soo sorry I haven‚Äôt been posting i actually have been busy and i was kinda waiting for him to text me first and don‚Äôt get mad that this was really dry because I tried to give him the same energy he was giving me before as some of you guys said to do. #crush #hewantsme #textingmycrush #update #wannabeyours #yournewwifey #marryme #soontobebf #soontobebf #plottingonthat #lovestory #texting #fyp #part3 tags: @Maxixz (tweeks verison) @dummer @melspam777 @Kayley @Allora Messina ,28600,414,466,771900,"crush, hewantsme, textingmycrush, update, wannabeyours, yournewwifey, marryme, soontobebf, plottingonthat, lovestory, texting, fyp, part3",original sound,2025-05-24 00:52:28,https://www.tiktok.com/@addiiandmilo/video/7507808592779545902
7507709947866615048,onebacklip,,180200,790,5150,1600000,,–æ—Ä–∏–≥–∏–Ω–∞–ª—å–Ω—ã–π –∑–≤—É–∫,2025-05-23 18:29:06,https://www.tiktok.com/@onebacklip/video/7507709947866615048
7506882305630293254,gabydcarias,"Nos dio look, vibe y presencia. De-vo-ro @Shakira #shakira #tour #concierto #montreal ",417700,814,3452,6300000,"shakira, tour, concierto, montreal",original sound,2025-05-21 12:57:25,https://www.tiktok.com/@gabydcarias/video/7506882305630293254
7507691486469901614,wilson.perez659,,17000,923,29500,1200000,,Ya Me Voy para Siempre - En Vivo,2025-05-23 17:18:07,https://www.tiktok.com/@wilson.perez659/video/7507691486469901614
7507737292321148168,shipz_clips,"Ray sees his girlfriend again, after breaking up and she‚Äôs not happy üíî¬† #ray #rayasianboy #streameruniversity #funnymike #tato ",35400,115,156,847300,"ray, rayasianboy, streameruniversity, funnymike, tato",original sound,2025-05-23 20:15:15,https://www.tiktok.com/@shipz_clips/video/7507737292321148168
7498064411534314782,m346193,dab#fyp #creatorsearchinsights ,402000,1499,2100,2000000,"fyp, creatorsearchinsights",original sound,2025-04-27 18:39:49,https://www.tiktok.com/@m346193/video/7498064411534314782
7507997547177315615,angrymalevet,#history #4thofjuly #celebration ,144400,2521,9357,748900,"history, 4thofjuly, celebration",original sound,2025-05-24 13:05:41,https://www.tiktok.com/@angrymalevet/video/7507997547177315615
7507756454485429546,just_jake_leonard,LATMAN got printed shoesü§£ #fyp #latman #wings #vibes ,98400,430,5632,1100000,"fyp, latman, wings, vibes",Get Down On It Hoodtrap Remix,2025-05-23 21:29:59,https://www.tiktok.com/@just_jake_leonard/video/7507756454485429546
7507806889661533471,leslie..correa,So much love for him üß° #nephew #godson #godmother #fyp ,99200,57,2756,457800,"nephew, godson, godmother, fyp",original sound,2025-05-24 00:45:27,https://www.tiktok.com/@leslie..correa/video/7507806889661533471
7507143613776694558,jaiden.albright,night 1 of four i have to share with her #vacation #pov,72800,1718,7892,566400,"vacation, pov",Turn around,2025-05-22 05:51:55,https://www.tiktok.com/@jaiden.albright/video/7507143613776694558
7507350929050471711,thewalkers712,#twins #2months #fyp ,50100,269,697,274400,"twins, 2months, fyp",original sound,2025-05-22 19:15:58,https://www.tiktok.com/@thewalkers712/video/7507350929050471711
7507651121150807327,jen.heffer,,64700,246,166,602400,,you left me on suicide sunday,2025-05-23 14:41:13,https://www.tiktok.com/@jen.heffer/video/7507651121150807327
7507726995208375583,camryn.bryant,I wonder if y‚Äôall still find these?? üëÄ #chisholmtrailhighschool #classof2018 #graduate ,34000,44,1473,424300,"chisholmtrailhighschool, classof2018, graduate",Boy,2025-05-23 19:35:32,https://www.tiktok.com/@camryn.bryant/video/7507726995208375583
7507640692366167327,ryleigh.cole2,as a mom who has a lost a child i know they‚Äôre already blaming themselves enough without everyone blaming and accusing themüò¢ so many prayers for their familyü´∂üèª ,62800,467,128,375600,,franklin house by brenn,2025-05-23 14:00:54,https://www.tiktok.com/@ryleigh.cole2/video/7507640692366167327
7507727233943948574,corey2uncensored,Twitch : corey2u #kaicenat #streamerunivesity #streameruniversityclips #clips #5star #clipfarm #fyp„Ç∑ #xyzcba #foryou #fy #twitch #fyp #clips #clip #viral #dukedennis #basketball ,52800,250,398,537100,"kaicenat, streamerunivesity, streameruniversityclips, clips, 5star, clipfarm, fyp„Ç∑, xyzcba, foryou, fy, twitch, fyp, clip, viral, dukedennis, basketball",original sound,2025-05-23 19:36:31,https://www.tiktok.com/@corey2uncensored/video/7507727233943948574
7507747624200555781,bakedbyalyssa._,stay tuned for @iampresleefaith review!!! she‚Äôs literally the sweetest! üíó #smallbusiness #iampressleefaith #presleefaith #glowhouse #packanorder #diml #viral #blowthisup #influencers ,125400,325,295,1300000,"smallbusiness, iampressleefaith, presleefaith, glowhouse, packanorder, diml, viral, blowthisup, influencers",original sound,2025-05-23 20:55:21,https://www.tiktok.com/@bakedbyalyssa._/video/7507747624200555781
7504778983804849438,adijean06,I was looking in the mirror and I turned around and she was just standing in my door staring at me I literally started crying #dog #love #soulmate #austrailianshepherd #dogs #puppylove #grad #senior #classof25 #classof2025 ,231400,1397,5848,659600,"dog, love, soulmate, austrailianshepherd, dogs, puppylove, grad, senior, classof25, classof2025",The Winner Is... - DeVotchKa Version,2025-05-15 20:55:29,https://www.tiktok.com/@adijean06/video/7504778983804849438
7507741429968440607,grijo.ceo,Bro was working at chick f a like an NPC üò≠ now his the main character üí∞üí∞ . . . #explore #viral #motivation #entrepreneur #transformation,56500,221,804,399400,"explore, viral, motivation, entrepreneur, transformation",sonido original,2025-05-23 20:31:29,https://www.tiktok.com/@grijo.ceo/video/7507741429968440607
7507801834464103711,briialexia1,It‚Äôs snowy in here @caassiemarrufo ,38500,133,578,323400,,original sound,2025-05-24 00:25:55,https://www.tiktok.com/@briialexia1/video/7507801834464103711
7506701318673861905,anakinsms,,246300,205,4834,1100000,,ECE Marketing Airball,2025-05-21 01:15:14,https://www.tiktok.com/@anakinsms/video/7506701318673861905
7505124804807134495,jesstoshi,Ariana?? What are you doing here?  #usc #graduation #wicked #jonchu #arianagrande #creatorsearchinsights ,105400,241,11800,744300,"usc, graduation, wicked, jonchu, arianagrande, creatorsearchinsights",original sound,2025-05-16 19:17:28,https://www.tiktok.com/@jesstoshi/video/7505124804807134495
7507230390742945046,pvltim,–î–µ–¥ –ø–ª–æ—Ö–æ–º—É –Ω–µ –Ω–∞—É—á–∏—Ç #—Å–∫—É—Ñ #—é–º–æ—Ä #–¥–æ—á—å #–¥–µ–¥ #–¥–µ—Ä–µ–≤–Ω—è #–ª–µ—Ç–æ ,97100,319,21500,1200000,"—Å–∫—É—Ñ, —é–º–æ—Ä, –¥–æ—á—å, –¥–µ–¥, –¥–µ—Ä–µ–≤–Ω—è, –ª–µ—Ç–æ",–æ—Ä–∏–≥–∏–Ω–∞–ª—å–Ω—ã–π –∑–≤—É–∫,2025-05-22 11:28:08,https://www.tiktok.com/@pvltim/video/7507230390742945046
7507155410235690282,chloee86234531,‚Äúi locked up your mothhherrrfuckinnnn phonessss‚Äù  #fyp„Ç∑ #makemefamous #brunomars #vegas #lasvegasconcert #brunomarslasvegas #outfitinspo ,152300,526,1829,450400,"fyp„Ç∑, makemefamous, brunomars, vegas, lasvegasconcert, brunomarslasvegas, outfitinspo",original sound,2025-05-22 06:38:47,https://www.tiktok.com/@chloee86234531/video/7507155410235690282
7507347919553514795,iamarilane,,93200,86,446,428600,,original sound,2025-05-22 19:04:23,https://www.tiktok.com/@iamarilane/video/7507347919553514795
7507773763413363998,tanyaagamez,"ü§£ damn little lady you sure can put it away! No fr tho, it blows my mind how much this girl eats lol @Outback Steakhouse  #whitechicks #perhapsnot #fyp #funny #babiesoftiktok #toddlersoftiktok #comedia #foryoupage  And for the lady perhaps a salad perhaps not Netflix white chicks sound  White chicks sound ",131100,213,14400,518200,"whitechicks, perhapsnot, fyp, funny, babiesoftiktok, toddlersoftiktok, comedia, foryoupage",original sound - Netflix Philippines,2025-05-23 22:36:58,https://www.tiktok.com/@tanyaagamez/video/7507773763413363998
7507538231953575190,1oktrend,#zahide #colors #motivation #international #fyp ,37800,30800,20900,883500,"zahide, colors, motivation, international, fyp",original sound,2025-05-23 07:22:49,https://www.tiktok.com/@1oktrend/video/7507538231953575190
7507536898349354247,seksi_gerl06,#—Ç—É—Ä—Ü–∏—è #–Ω–∞—á–∞–π #—á–∞–π #–æ—Ç–µ–ª—å #—Ç—É—Ä—Ü–∏—èüáπüá∑ #2025 #–æ—Ç–ø—É—Å–∫ ,55300,145,247,1300000,"—Ç—É—Ä—Ü–∏—è, –Ω–∞—á–∞–π, —á–∞–π, –æ—Ç–µ–ª—å, —Ç—É—Ä—Ü–∏—èüáπüá∑, 2025, –æ—Ç–ø—É—Å–∫",lizka kosmatenko,2025-05-23 07:17:34,https://www.tiktok.com/@seksi_gerl06/video/7507536898349354247
7507662209162562862,shep.fam,he looks like he hates life‚Ä¶ignore his face. #tiktok #teenmom #son #birth #hospital #nurse #fyp #blowup #trending #baby #teendad #parenting #momsoftiktok #dating #boyfriend #family ,231400,296,6526,1200000,"tiktok, teenmom, son, birth, hospital, nurse, fyp, blowup, trending, baby, teendad, parenting, momsoftiktok, dating, boyfriend, family",Bubbly,2025-05-23 15:24:36,https://www.tiktok.com/@shep.fam/video/7507662209162562862
7507763029937818910,kindergartenwithmrs.c,Say a prayer for the little ones who will miss their safe place. #teachertip #teachertok #momtok #parentsoftiktok #summerbreak #kindergarten #teachersoftiktok #elementaryteacher #publicschool #fyp #teacherproblems ,47200,111,157,342900,"teachertip, teachertok, momtok, parentsoftiktok, summerbreak, kindergarten, teachersoftiktok, elementaryteacher, publicschool, fyp, teacherproblems",Take My Hand,2025-05-23 21:55:20,https://www.tiktok.com/@kindergartenwithmrs.c/video/7507763029937818910
7507771543561243947,joe.felixx,Did you get all of them? üî• #NBA #trivia #fyp #viralvideo #okc,45900,109,289,1100000,"nba, trivia, fyp, viralvideo, okc",original sound - Joe Felix,2025-05-23 23:00:00,https://www.tiktok.com/@joe.felixx/video/7507771543561243947
7500771012955426079,ericatthedisco,the spit looks great from up here üòÄ #hamilton #hamiltonmusical #hamiltontiktok #hamiltonedit #hamiltonthemusical #linmanuelmiranda #alexanderhamilton #leslieodomjr #aaronburr #musicals #musical #musicaltheatre #nationaltour #broadway #offbroadway  ,217600,287,4258,938500,"hamilton, hamiltonmusical, hamiltontiktok, hamiltonedit, hamiltonthemusical, linmanuelmiranda, alexanderhamilton, leslieodomjr, aaronburr, musicals, musical, musicaltheatre, nationaltour, broadway, offbroadway",original sound,2025-05-05 01:42:45,https://www.tiktok.com/@ericatthedisco/video/7500771012955426079
7501613306164088119,los_chicaneros93,Hoy sorprendimos a mis pap√°s  !,639000,2259,2040,10700000,,original sound - Los_chicaneros,2025-05-16 14:30:00,https://www.tiktok.com/@los_chicaneros93/video/7501613306164088119
7507304198434868523,kingcharlesdog,He is the kingüëë #kingcharles #dog #fyp #viral #kingcharlesdog ,1300000,3386,115000,8200000,"kingcharles, dog, fyp, viral, kingcharlesdog",sonido original,2025-05-22 16:14:46,https://www.tiktok.com/@kingcharlesdog/video/7507304198434868523
7507424084968492318,hahamadeyoufuh,yeah i knowüòÇüòÇüòÇüòÇüòÇ #fyp #myboo #gloss #baddies ,104200,139,23000,312700,"fyp, myboo, gloss, baddies",Gloss Baddies gone wild,2025-05-23 00:00:05,https://www.tiktok.com/@hahamadeyoufuh/video/7507424084968492318
7505313170274192671,gm440wt,#warthunder #fup #like #su34 #pe8 ,61700,1111,7611,754600,"warthunder, fup, like, su34, pe8",–æ—Ä–∏–≥–∏–Ω–∞–ª—å–Ω—ã–π –∑–≤—É–∫,2025-05-17 07:29:15,https://www.tiktok.com/@gm440wt/video/7505313170274192671
7507663918408518968,2099grizzl,üòÆ‚Äçüí®üíî #gumball #gumballwatterson #gumballandpenny #gumballxpenny #penny #tawog #twwog #theweirdworldofgumball #theamazingworldofgumball #fyyyyyyyyyyyyyyyy #makemeviral #fyyyyyppppp #viral #dontflop ,427700,1139,15800,2000000,"gumball, gumballwatterson, gumballandpenny, gumballxpenny, penny, tawog, twwog, theweirdworldofgumball, theamazingworldofgumball, fyyyyyyyyyyyyyyyy, makemeviral, fyyyyyppppp, viral, dontflop",son original,2025-05-23 15:30:28,https://www.tiktok.com/@2099grizzl/video/7507663918408518968
7507648745274674454,golubki1,–¢–≥–∫: –°–µ–º–µ–π—Å—Ç–≤–æ –≥–æ–ª—É–±–∫–æ–≤üïäÔ∏è,192000,762,32600,2300000,,–æ—Ä–∏–≥–∏–Ω–∞–ª—å–Ω—ã–π –∑–≤—É–∫,2025-05-23 14:31:33,https://www.tiktok.com/@golubki1/video/7507648745274674454
7507574450238360875,quynhgiang.songhu,#movie #tiktok #fyp„Ç∑ ,7782,16,20,478600,"movie, tiktok, fyp„Ç∑",original sound,2025-05-23 09:45:46,https://www.tiktok.com/@quynhgiang.songhu/video/7507574450238360875
7507808862339157279,maddie.mjs,whoever this is come backüíî #fineshyt #wemissyou #fyp #foryou #foryoupage #truck #truckboy #needthat ,141200,221,4581,606300,"fineshyt, wemissyou, fyp, foryou, foryoupage, truck, truckboy, needthat",Bunna Summa,2025-05-24 00:53:05,https://www.tiktok.com/@maddie.mjs/video/7507808862339157279
7507500402800151851,houseofhighlights,Lil bro really did it ü§£ü§£ (@Josh W) #dad #son #prank #fail ,107200,264,1191,956300,"dad, son, prank, fail",original sound,2025-05-23 04:56:44,https://www.tiktok.com/@houseofhighlights/video/7507500402800151851
7507514034376183070,alexivgonzalez,@ayzjiahna ,132900,121,1233,515500,,I Aint Got No Panties on on the Dance Flooo,2025-05-23 05:49:24,https://www.tiktok.com/@alexivgonzalez/video/7507514034376183070
7507919484246641951,cantfindliaa3,#fy ,182400,3245,37100,986200,fy,Nothing,2025-05-24 08:03:27,https://www.tiktok.com/@cantfindliaa3/video/7507919484246641951
7500752134401510702,pince.nick,Hollywood Studios May 4th Lightsaber Meetup but I with my Disney pin for Star Wars day #maythe4th #disneyworld #lightsabermeetup ,360400,380,8585,4000000,"maythe4th, disneyworld, lightsabermeetup",original sound,2025-05-05 00:29:43,https://www.tiktok.com/@pince.nick/video/7500752134401510702
7507431263398153480,melissamuroo,,683100,1996,156800,6400000,,sonido original,2025-05-23 00:27:44,https://www.tiktok.com/@melissamuroo/video/7507431263398153480
7506949363134958878,thatdriptho6,Good girls watch. Bad girls wear it. #jewelry #necklace #alt #brat #alternative #darkromance #punk #choker #leathercraft #couple #goth #alttiktok #BookTok #smallbusiness #TikTokShopMemorialDay,11100,2494,34100,857900,"jewelry, necklace, alt, brat, alternative, darkromance, punk, choker, leathercraft, couple, goth, alttiktok, booktok, smallbusiness, tiktokshopmemorialday",original sound,2025-05-21 17:17:42,https://www.tiktok.com/@thatdriptho6/video/7506949363134958878
7507637841862675743,realmadwolf475,POV: You go to Western Pennsylvania #pennsylvania #usa #travel #pittsburgh ,65700,965,14100,783600,"pennsylvania, usa, travel, pittsburgh",original sound,2025-05-23 13:49:48,https://www.tiktok.com/@realmadwolf475/video/7507637841862675743
7504740686403505438,t.i.beyer9,#holyairball ,101600,267,12100,1200000,holyairball,ECE Marketing Airball,2025-05-15 18:26:57,https://www.tiktok.com/@t.i.beyer9/video/7504740686403505438
7507711012154592558,gigglysquad,post baby clarity @hannah_berner @paige_desorbo #comedy #podcast,59300,1356,5084,772400,podcast,original sound - GIGGLY SQUAD,2025-05-23 18:34:01,https://www.tiktok.com/@gigglysquad/video/7507711012154592558
7505311406166658335,ironclips44,Lacy almost CRIES after catching  McKinley kissing Oblivion in front of him ü•∫‚ù§Ô∏è‚Äçü©π | #lacy #mckinley #julia #ironclips ,36900,203,303,1500000,"lacy, mckinley, julia, ironclips",nostalgia,2025-05-17 07:22:36,https://www.tiktok.com/@ironclips44/video/7505311406166658335
7507740649718910264,teenmomfansfb,"Teen Mom‚Äôs Tyler Baltierra and Catelynn Lowell Vow Not to Mention Carly or Her Parents Anymore ‚Ä¢ Tyler Baltierra¬†and¬†Catelynn LowellCatelynn Lowell‚Äôs latest update on daughter Carly has led to some new perspectives. On the Thursday, May 22, episode of¬†Teen Mom: The Next Chapter, Dr.¬†Drew Pinsky¬†had a virtual meeting with the couple to recall a private conversation he had with Carly‚Äôs adoptive parents,¬†Brandon¬†and¬†Teresa Davis. ‚ÄúI can tell you what was expressed to me about Carly,‚Äù he shared on the MTV reality show‚Äôs season finale. ‚ÄúBrandon said she is thriving and she has friends and she‚Äôs athletic and musical and she‚Äôs doing all these wonderful things.‚Äù Catelynn tried to hold back tears as she wondered why Dr. Drew was sharing the update and not Carly‚Äôs adoptive parents. ‚ÄúWell thanks for keeping that beautiful girl away from me,‚Äù she said while getting visibly emotional. Dr. Drew replied, ‚ÄúI don‚Äôt think that‚Äôs the intent. I understand that‚Äôs how it feels. I know you. I know how tough this is. I get it.‚Äù ‚ÄúIn terms of being unblocked and a visit, I don‚Äôt see that not happening, frankly,‚Äù Dr. Drew shared. ‚ÄúYou got to go through the baby steps. But you are encouraged to send gifts on Christmas, birthdays and when gifts are completely appropriate.‚Äù While Tyler expressed his belief that it‚Äôs ‚Äúweird‚Äù to be getting this information from someone other than Brandon and Teresa, Dr. Drew explained that no situation is perfect. ‚Ä¢ ‚ÄúWhat Teresa kept saying is she absolutely wants what you want and wants to maintain a relationship, but she feels like she needs a reset and for everybody to calm down and let all the negativity [settle],‚Äù he said. ‚Äú[Carly] sings in church. She‚Äôs quite an accomplished singer and they recorded a song of hers. I would love to listen with you because it‚Äôs so moving. It does feel like Carly is sending a message of, ‚ÄòI‚Äôm good.‚Äô Do you guys want to hear it?‚Äù Citing her mental health, Catelynn said she wanted to listen in private. According to MTV, when she asked for the link to hear the performance, Brandon and Teresa denied the request. ‚Ä¢ In a joint statement on social media, both Carly and Tyler promised to not speak about Carly, Brandon and Teresa publicly moving forward. ‚ÄúBirthparents are always at the mercy of the adopters (which is understandable since we‚Äôre the ones who relinquished our baby to them) but that still doesn‚Äôt make it any less hard or painful,‚Äù Tyler and Catelynn wrote via Instagram on Thursday. ‚ÄúAs I‚Äôve stated before, we won‚Äôt be mentioning our biological daughter or her parents anymore & that‚Äôs why we‚Äôre actually relieved that this episode is airing, so that way we can all just finally move forward.‚Äù ‚ÄúWe are incredibly sorry if anything we have said about our truth as birthparents has hurt you or Carly or negatively impacted your life. That was never our intention,‚Äù the pair said in a letter to Brandon and Teresa. ‚ÄúWe‚Äôre the adults here & it‚Äôs our job to put everything aside for the best interest of Carly. Which requires open, honest & transparent communication. So we hope moving forward, you will participate in that requirement.‚Äù #teenmom #teenmomthenextchapter #teenmomfansfb #mtv #realitytv #fyp #teenager #usweekly #adoption #adoptionstory #openadoption #closedadpption #nocontact #instagram #message ",8937,1646,134,693500,"teenmom, teenmomthenextchapter, teenmomfansfb, mtv, realitytv, fyp, teenager, usweekly, adoption, adoptionstory, openadoption, closedadpption, nocontact, instagram, message",All That Really Matters,2025-05-23 20:28:17,https://www.tiktok.com/@teenmomfansfb/video/7507740649718910264
7507313001108819246,the_arts_apprentice_2.0,"What freaks me out the most is that I see myself in her, I even look like her 2019 self. ",87000,1146,174,773600,,som original,2025-05-22 16:48:54,https://www.tiktok.com/@the_arts_apprentice_2.0/video/7507313001108819246
7507613981431926034,darybannova,"–ú–µ–Ω—è –ø—Ä–æ—Å—Ç–æ –æ—Ç —ç—Ç–æ–≥–æ —Ç—Ä—è—Å–µ—Çü§¨üò§ –ü—Ä–∏—à–ª–æ —Ç–µ–ø–ª–æ –∏ –º—ã –≤—Å–µ –±–æ–ª—å—à–µ –≤—Ä–µ–º–µ–Ω–∏ –ø—Ä–æ–≤–æ–¥–∏–º –Ω–∞ –¥–µ—Ç—Å–∫–æ–π –ø–ª–æ—â–∞–¥–∫–µ. –ß–µ–≥–æ —Ç–∞–º —Ç–æ–ª—å–∫–æ –Ω–µ —É–≤–∏–¥–∏—à—å.. –±—ã–≤–∞–µ—à—å —Å–≤–∏–¥–µ—Ç–µ–ª–µ–º –∫–∞–∫–∏—Ö-—Ç–æ —Å–∏—Ç—É–∞—Ü–∏–π, –Ω–æ —Å–µ–≥–æ–¥–Ω—è –º—ã —Å—Ç–∞–ª–∏ —É—á–∞—Å—Ç–Ω–∏–∫–∞–º–∏ –æ–¥–Ω–æ–≥–æ –ø—Ä–∏–∫–æ–ª–∞.  –ü–µ—Å–æ—á–Ω–∏—Ü–∞. –ú–æ—è –¥–æ—á—å –∏–≥—Ä–∞–µ—Ç —Å –¥—Ä—É–≥–æ–π –¥–µ–≤–æ—á–∫–æ–π —Å –ª–æ–ø–∞—Ç–∫–æ–π –∏ –º–∞—à–∏–Ω–∫–æ–π, –≤—Å–µ —Ö–æ—Ä–æ—à–æ. –í–æ–∫—Ä—É–≥ –º–Ω–æ–≥–æ –¥–µ—Ç–µ–π –∏ –≤—Å–µ –¥—Ä—É–≥ —Å –¥—Ä—É–≥–æ–º –æ–±—â–∞—é—Ç—Å—è, –∏–≥—Ä–∞—é—Ç –∏ —Ç–¥. –¢—É—Ç –ø—Ä–∏–±—ã–≤–∞–µ—Ç –≤ —ç—Ç–æ –∑–∞–≤–µ–¥–µ–Ω–∏–µ –µ—â–µ –æ–¥–∏–Ω —Ä–µ–±–µ–Ω–æ–∫ —Å –º–∞–º–æ–π –∏ –∏–¥–µ—Ç –≤ —Å—Ç–æ—Ä–æ–Ω—É, –≥–¥–µ –∏–≥—Ä–∞–µ—Ç –º–æ—è –¥–æ—á—å. –≠—Ç–æ—Ç –º–∞–ª—å—á–∏–∫ –µ—â–µ –Ω–µ —Ä–∞–∑–≥–æ–≤–∞—Ä–∏–≤–∞–µ—Ç, –∑–∞ –Ω–µ–≥–æ –≤—Å–µ –≥–æ–≤–æ—Ä–∏—Ç –º–∞–º–∞. –í –æ–±—â–µ–º –æ–Ω –æ—á–µ–Ω—å —Ö–æ—Ç–µ–ª –ø–æ–¥—Ä—É–∂–∏—Ç—å—Å—è —Å –º–æ–µ–π –¥–æ—á–∫–æ–π, –ø–æ–¥–æ—à–µ–ª –∫ –Ω–µ–π –∏ —Å–µ–ª —Ä—è–¥–æ–º, –º–æ—è –¥–æ—á—å –ø–æ–º–∞—Ö–∞–ª–∞ –µ–º—É —Ä—É–∫–æ–π –∏ —Å–∫–∞–∑–∞–ª–∞: ¬´–ø—Ä–∏–≤–µ—Ç, –º–∞–ª—å—á–∏–∫¬ª. –¢–∞–∫ –∫–∞–∫ –æ–Ω –ø–æ–∫–∞ –Ω–µ –≥–æ–≤–æ—Ä–∏—Ç, –µ–≥–æ –º–∞–º–∞ —Å–∫–∞–∑–∞–ª–∞ –µ–º—É: ¬´—Å—ã–Ω–æ–∫, –¥–µ–≤–æ—á–∫–∞ –≥–æ–≤–æ—Ä–∏—Ç –ø—Ä–∏–≤–µ—Ç, –ø–æ–º–∞—à–∏ –µ–π¬ª. –ú–∞–ª—å—á–∏–∫ –ø–æ–º–∞—Ö–∞–ª –¥–æ—á–∫–µ —Ä—É–∫–æ–π, –≤—Å–µ —É–ª—ã–±–Ω—É–ª–∏—Å—å, –∏, –ö–ê–ó–ê–õ–û–°–¨ –ë–´, –ß–¢–û –ù–ï –¢–ê–ö???  –ê –¥–µ–ª–æ –≤ —Ç–æ–º, —á—Ç–æ –º–∞–º–æ—á–∫–∞ —ç—Ç–æ–≥–æ –º–∞–ª—å—á–∏–∫–∞ —Ä–µ—à–∏–ª–∞, —á—Ç–æ —ç—Ç–æ–≥–æ –Ω–µ –¥–æ—Å—Ç–∞—Ç–æ—á–Ω–æ, –∏ —Å–∫–∞–∑–∞–ª–∞ —Å–≤–æ–µ–º—É —Å—ã–Ω—É: ¬´–∏–¥–∏ —Å–∫–æ—Ä–µ–µ, –ü–û–¶–ï–õ–£–ô –¥–µ–≤–æ—á–∫—É¬ª. –ú–∞–ª—å—á–∏–∫ –ø–æ—Å–ª—É—à–Ω–æ –≤—Å—Ç–∞–ª –∏ –Ω–∞—á–∞–ª –ø—ã—Ç–∞—Ç—å—Å—è –ø–æ—Ü–µ–ª–æ–≤–∞—Ç—å –º–æ—é –¥–æ—á—å!!! –°–æ–≤–µ—Ä—à–µ–Ω–Ω–æ —á—É–∂–∏–µ –¥–ª—è –Ω–∞—Å –ª—é–¥–∏! –ú–Ω–µ –≤ —ç—Ç—É –∂–µ —Å–µ–∫—É–Ω–¥—É —Å—Ç–∞–ª–æ –ø–ª–æ—Ö–æ –∏ —è –≤–µ–∂–ª–∏–≤–æ –ø–æ–ø—Ä–æ—Å–∏–ª–∞ —ç—Ç–æ–≥–æ –Ω–µ –¥–µ–ª–∞—Ç—å.  –ó–∞—á–µ–º??? –î–ª—è —á–µ–≥–æ –≤—ã —É—á–∏—Ç–µ —Ä–µ–±–µ–Ω–∫–∞ –ø–æ–¥—Ö–æ–¥–∏—Ç—å –∫ –Ω–µ–∑–Ω–∞–∫–æ–º—ã–º –¥–µ—Ç—è–º –∏ –¶–ï–õ–û–í–ê–¢–¨ –ò–•??? –ù–µ –ø—Ä–æ—Å—Ç–æ –ø–æ–∑–¥–æ—Ä–æ–≤–∞—Ç—å—Å—è, –ø–æ–º–∞—Ö–∞—Ç—å, –Ω–µ –æ–±–Ω—è—Ç—å –≤ –∫–æ–Ω—Ü–µ –∫–æ–Ω—Ü–æ–≤, –∞ –ü–û–¶–ï–õ–û–í–ê–¢–¨!!!  –ë–ª–∏–Ω, –Ω—É —ç—Ç–æ –∂–µ –Ω–∞—Ä—É—à–µ–Ω–∏–µ –≤—Å–µ–≥–æ –≤–æ–æ–±—â–µ!! –û—Ç –≥–∏–≥–∏–µ–Ω—ã –¥–æ –ª–∏—á–Ω–æ–≥–æ –ø—Ä–æ—Å—Ç—Ä–∞–Ω—Å—Ç–≤–∞. –ù–µ—É–∂–µ–ª–∏ —ç—Ç–æ –∫–æ–º—É-—Ç–æ –Ω—É–∂–Ω–æ –æ–±—ä—è—Å–Ω—è—Ç—å??  –ü–æ–∂–∞–ª—É–π—Å—Ç–∞, —Å–∫–∞–∂–∏—Ç–µ, —á—Ç–æ —è –Ω–µ –æ–¥–Ω–∞ —Ç–∞–∫–∞—è, –∫—Ç–æ —Å—á–∏—Ç–∞–µ—Ç —ç—Ç–æ –¥–∏–∫–æ—Å—Ç—å—é‚Ä¶ #–¥–µ—Ç–∏ #–∂–∏–∑–Ω—å #—Å–µ–º—å—è #–¥–æ—á—å #—Ç—Ä–µ—à #–ø–ª–æ—â–∞–¥–∫–∞ #–º–∞–º—Å–∫–∏–π–±–ª–æ–≥ #–º–∞–º–∞ #–º–∞–º–∞–∏–¥–æ—á—å #–∏—Å—Ç–æ—Ä–∏—è #–∏—Å—Ç–æ—Ä–∏–∏ #–ª–µ—Ç–æ",44700,1321,365,1500000,"–¥–µ—Ç–∏, –∂–∏–∑–Ω—å, —Å–µ–º—å—è, –¥–æ—á—å, —Ç—Ä–µ—à, –ø–ª–æ—â–∞–¥–∫–∞, –º–∞–º—Å–∫–∏–π–±–ª–æ–≥, –º–∞–º–∞, –º–∞–º–∞–∏–¥–æ—á—å, –∏—Å—Ç–æ—Ä–∏—è, –∏—Å—Ç–æ—Ä–∏–∏, –ª–µ—Ç–æ",Shake It To The Max (FLY) (Remix),2025-05-23 12:16:40,https://www.tiktok.com/@darybannova/video/7507613981431926034
7507676849435151658,obc.clips,#dannybans #kaicenat #streameruniversity #fyp„Ç∑ ,99900,262,1252,512400,"dannybans, kaicenat, streameruniversity, fyp„Ç∑",original sound,2025-05-23 16:21:19,https://www.tiktok.com/@obc.clips/video/7507676849435151658
7507733843915312430,horrorofyouth,WHO is eating Gas Station wings and taquitosüò≠üíî satire/ all jokes #gasstation #711 #comedian #comedy #funny ,138600,1244,16500,1100000,"gasstation, 711, comedian, comedy, funny",Classic classical gymnopedie solo piano(1034554),2025-05-23 20:02:28,https://www.tiktok.com/@horrorofyouth/video/7507733843915312430
7504038718177611050,tessau69,so this just happened she begged me to film i literally have no idea anyone know what this is about #dia ,281000,7547,62600,1600000,dia,original sound,2025-05-13 21:03:20,https://www.tiktok.com/@tessau69/video/7504038718177611050
7505040835457600798,blueeyes8333,My first born on his way to the Air Force ‚ù§Ô∏è‚ù§Ô∏è‚ù§Ô∏è,48600,150,70,1600000,,som original,2025-05-16 13:51:38,https://www.tiktok.com/@blueeyes8333/video/7505040835457600798
7507425049679334698,theclip.provider,streamer university off to a crazy startüò≠ @Kai Cenat #fyp #viral #trend #xyzbca #foryoupage #streamer #streameruniversity #kaicenat #tim2tact #clip,22800,282,366,760800,"fyp, viral, trend, xyzbca, foryoupage, streamer, streameruniversity, kaicenat, tim2tact, clip",TRANSGENDER (PEARL WHITE VIP),2025-05-23 00:04:10,https://www.tiktok.com/@theclip.provider/video/7507425049679334698
7507404781900680478,inspolil,#fyp #couple #sports #athlete #viral #foryoupage #pinterest #cute #boyfriend ,325700,962,11200,1500000,"fyp, couple, sports, athlete, viral, foryoupage, pinterest, cute, boyfriend",original sound,2025-05-22 22:44:58,https://www.tiktok.com/@inspolil/video/7507404781900680478
7500793242967985454,candikitty,couldn‚Äôt drink fast enough :‚Äô) #renfaire ,253400,1560,21600,2900000,renfaire,original sound,2025-05-05 03:09:12,https://www.tiktok.com/@candikitty/video/7500793242967985454
7507705751419407662,apollyonsteel,#fyp #fyp„Ç∑ #gojo #geto #jjk #anime #joke #meme #jokes #memes ,80400,318,5997,349200,"fyp, fyp„Ç∑, gojo, geto, jjk, anime, joke, meme, jokes, memes",original sound,2025-05-23 18:13:19,https://www.tiktok.com/@apollyonsteel/video/7507705751419407662
7507838569759722795,225zyyclips,,28000,438,2476,406100,,original sound,2025-05-24 02:48:39,https://www.tiktok.com/@225zyyclips/video/7507838569759722795
7507790423071444267,theclipstudiox,N3on did NOT expect this former NBA all star to be THIS bad üòØüò≠ #nba #n3on #ashtonhall ,49800,183,1940,1700000,"nba, n3on, ashtonhall",Circadian Rhythm,2025-05-23 23:41:51,https://www.tiktok.com/@theclipstudiox/video/7507790423071444267
7504837363449826606,cutieejos,and also saying ily in a platonic way,384600,3040,34300,1600000,,Staying,2025-05-16 00:42:30,https://www.tiktok.com/@cutieejos/video/7504837363449826606
7505331914966879518,60_second_lego,Random Lego Easter Eggs Pt.7 #lego ,195100,425,12300,1500000,lego,original sound,2025-05-17 08:42:28,https://www.tiktok.com/@60_second_lego/video/7505331914966879518
7504879792932588830,abbyspitz0720,Horizontal vs vertical worship!!! #worship #christian #christianmusic #jesuslovesyou #fyp ,165600,1221,2029,800700,"worship, christian, christianmusic, jesuslovesyou, fyp",original sound,2025-05-16 03:26:50,https://www.tiktok.com/@abbyspitz0720/video/7504879792932588830
7507319786020408622,buddyvalastro,"They call me Buddy, IM THE BOSS!",304700,671,5357,1700000,,ECE Marketing Airball,2025-05-22 17:15:13,https://www.tiktok.com/@buddyvalastro/video/7507319786020408622
7505979794580868398,mauihill01,Shouldn‚Äôt no child be so scared like this ü§¶üèΩ‚Äç‚ôÇÔ∏è Grown ssa men asking a 10 year old ‚Äúwhat‚Äôs her panties size‚Äù and ‚Äúif she‚Äôs a virgin‚Äù #keepthekidssafe #lockhimup  #iowa ,107500,1868,2638,705400,"keepthekidssafe, lockhimup, iowa",original sound,2025-05-19 02:35:40,https://www.tiktok.com/@mauihill01/video/7505979794580868398
7497627324305673502,immspretty,Boys are so dumb & the nurse messy for laughing ü§£ #cheatingboyfriend #messy #storytime ,609800,2319,43100,4000000,"cheatingboyfriend, messy, storytime",Episode 3,2025-04-26 14:23:48,https://www.tiktok.com/@immspretty/video/7497627324305673502
7507446176090705183,espn,TUFF. #okcthunder #trickshot #nbaplayoffs #nbaonespn ,35100,359,3093,451900,"okcthunder, trickshot, nbaplayoffs, nbaonespn",original sound,2025-05-23 01:25:39,https://www.tiktok.com/@espn/video/7507446176090705183
7507846875291077934,theofficialfirefighters,First walk up of the year was STRONG üí™ #firefighters #disney #frozen #disneyland #viral #lipsync ,90000,397,4678,699600,"firefighters, disney, frozen, disneyland, viral, lipsync",original sound,2025-05-24 03:20:52,https://www.tiktok.com/@theofficialfirefighters/video/7507846875291077934
7507815616695356680,sofiavela.0,,1000000,1292,22600,4800000,,¬øTrato Hecho?,2025-05-24 01:19:08,https://www.tiktok.com/@sofiavela.0/video/7507815616695356680
7507334469611998510,kenny_shapes,bubblegum pink custom  #handcrafted #surfboard #custom #resin #laminating #satisfying #surfboardglassing ,37000,76,351,550100,"handcrafted, surfboard, custom, resin, laminating, satisfying, surfboardglassing",Harness Your Hopes - B-side,2025-05-22 18:12:14,https://www.tiktok.com/@kenny_shapes/video/7507334469611998510
7504839287255436587,ladyhendrix404,must of been the wind‚Ä¶,413500,7306,48400,2300000,,This is not a test edit audio,2025-05-16 00:50:02,https://www.tiktok.com/@ladyhendrix404/video/7504839287255436587
7507472198790204718,blvemoonbaby3,,99200,190,3075,503200,,W,2025-05-23 03:06:51,https://www.tiktok.com/@blvemoonbaby3/video/7507472198790204718
7505221194480618782,el.edgarcito,Them hiddin lil mfs üò≠üò≠ | #edgarcito #xyzbca #viral #real #humor #fyp„Ç∑„Çöviral ,152000,253,8683,884000,"edgarcito, xyzbca, viral, real, humor, fyp„Ç∑„Çöviral",kai bomboclaat,2025-05-17 01:31:39,https://www.tiktok.com/@el.edgarcito/video/7505221194480618782
7507677154084277534,lashnextdoorofficial,Must. Save. The. Kindle.  Idea: @ari | booktok üìñ üéÄ  #kindlegirl #kindleaccessories #funny #trend #tryingtorobme ,24200,31,497,263000,"kindlegirl, kindleaccessories, funny, trend, tryingtorobme",original sound,2025-05-23 16:22:14,https://www.tiktok.com/@lashnextdoorofficial/video/7507677154084277534
7507607709068397854,corey2uncensored,Twitch : corey2u #kaicenat #streamerunivesity #streameruniversityclips #clips #5star #clipfarm #fyp„Ç∑ #xyzcba #foryou #fy #twitch #fyp #clips #clip #viral #jaycinco #letmeknow ,23000,96,643,406100,"kaicenat, streamerunivesity, streameruniversityclips, clips, 5star, clipfarm, fyp„Ç∑, xyzcba, foryou, fy, twitch, fyp, clip, viral, jaycinco, letmeknow",LET ME KNOW on melodica,2025-05-23 11:52:56,https://www.tiktok.com/@corey2uncensored/video/7507607709068397854
7507805715269012792,fansdenikkisita,Aww Zeus y sus bolitas de queso ü•πüíò @Nicolle Figueroa ,654100,1580,55600,4200000,,son original,2025-05-24 00:40:44,https://www.tiktok.com/@fansdenikkisita/video/7507805715269012792
7507426817704217886,dpdunham2368,Apparently Black males only put in full effort when chased by the cops... What say you?,22400,1934,835,224600,,original sound,2025-05-23 00:10:32,https://www.tiktok.com/@dpdunham2368/video/7507426817704217886
7507481281673088302,ripmechanicalbrilliance,,95700,189,2343,699200,,Originalton,2025-05-23 03:42:30,https://www.tiktok.com/@ripmechanicalbrilliance/video/7507481281673088302
7507426734057213226,nursevoices,#nurse #nursesoftiktok #nurselife #nursetiktok #nursetok #nursestudent #nursing ,33200,260,7625,333900,"nurse, nursesoftiktok, nurselife, nursetiktok, nursetok, nursestudent, nursing",original sound,2025-05-23 00:10:37,https://www.tiktok.com/@nursevoices/video/7507426734057213226
7497642676418841863,77bxevv422,#fyp #foryou #blankspace #houseoftiktok #housedecoration ,1100000,36000,8354,9500000,"fyp, foryou, blankspace, houseoftiktok, housedecoration",original sound,2025-04-26 15:22:54,https://www.tiktok.com/@77bxevv422/video/7497642676418841863
7507559594399517958,temychhh_,–¢–≥–∫: akamest1 #rge #–≥–ª–æ–±–∞–ª—å–Ω—ã–µ—Ä–µ–∫–æ–º–µ–Ω–¥–∞—Ü–∏–∏ #—Ä–µ–∫–∏ ,204600,658,39500,1700000,"rge, –≥–ª–æ–±–∞–ª—å–Ω—ã–µ—Ä–µ–∫–æ–º–µ–Ω–¥–∞—Ü–∏–∏, —Ä–µ–∫–∏",original sound,2025-05-23 08:45:40,https://www.tiktok.com/@temychhh_/video/7507559594399517958
7507439545030315295,amiri.da,,214100,891,20600,856400,,original sound,2025-05-23 00:59:56,https://www.tiktok.com/@amiri.da/video/7507439545030315295
7507763920862547231,brookstarxo,MY CELEBRITY LOOK ALIKES PART 3 @Capri Jones @esli ! @Drake @JuJu @Spice King @STAR BANDZ @deja ü¶¶ ,126100,3201,1340,1600000,,original sound,2025-05-23 21:58:46,https://www.tiktok.com/@brookstarxo/video/7507763920862547231
7507718839837166855,renpc_,Conozcooo ü§£ ig renpc_ #comedia #humor #fyp #foryoupage #amigas ,454200,1407,53300,3600000,"comedia, humor, fyp, foryoupage, amigas",sonido original,2025-05-23 19:03:36,https://www.tiktok.com/@renpc_/video/7507718839837166855
7507392792767974702,14.05.16_,üßú‚Äç‚ôÄÔ∏èü©µüôÇ‚Äç‚ÜîÔ∏è #gatita #yerimua #sirena #viral @Yeri MUA #CapCut ,88000,314,812,2600000,"gatita, yerimua, sirena, viral, capcut",Morrita (Tinker Bell),2025-05-22 21:58:29,https://www.tiktok.com/@14.05.16_/video/7507392792767974702
7507796394783083806,lala_sadii,TEA WAS SPILLEDüò≠ ,95400,251,159,739800,,suara asli - f‚Çê‚Çê‚±º,2025-05-24 00:04:45,https://www.tiktok.com/@lala_sadii/video/7507796394783083806
7507508783589920022,cliphorizonsx,#dukedennis #streameruniversity ,20200,128,145,349800,"dukedennis, streameruniversity",numb,2025-05-23 05:28:28,https://www.tiktok.com/@cliphorizonsx/video/7507508783589920022
7507800342277410090,american_lesion,don‚Äôt play w me ,93300,737,5175,602700,,I Love It (feat. Charli XCX),2025-05-24 00:20:20,https://www.tiktok.com/@american_lesion/video/7507800342277410090
7505086908465270047,pixelprintsofficial,Replying to @channelsuperfun Flash sale rn! #minecraft #3dprinted #gaming ,35800,1091,265,790500,"minecraft, 3dprinted, gaming",bounce i just wanna dance,2025-05-16 16:50:30,https://www.tiktok.com/@pixelprintsofficial/video/7505086908465270047
7507801828025748758,shakhed,bestfriend‚ù§Ô∏è@Joshüëæ #viral #shakhed #relatable #fyp #trending ,136900,547,3152,806500,"viral, shakhed, relatable, fyp, trending",original sound,2025-05-24 00:25:51,https://www.tiktok.com/@shakhed/video/7507801828025748758
7507836825797479722,lexiy103,Ugh some things never change ‚ù§Ô∏è @lillian ,43300,92,4656,310700,,original sound,2025-05-24 02:41:57,https://www.tiktok.com/@lexiy103/video/7507836825797479722
7507900485307813151,voblamet,–¢–û–ü 5 –ë–õ–ê–¢–ù–´–• –î–û–õ–ñ–ù–û–°–¢–ò –í –ê–†–ú–ò–ò #–ø–∞—Ü–∞–Ω—ã–ø–æ–π–º—É—Ç #–¥–º–± #military ,84500,645,12500,1200000,"–ø–∞—Ü–∞–Ω—ã–ø–æ–π–º—É—Ç, –¥–º–±, military",–æ—Ä–∏–≥–∏–Ω–∞–ª—å–Ω—ã–π –∑–≤—É–∫,2025-05-24 06:49:13,https://www.tiktok.com/@voblamet/video/7507900485307813151
7504742112697568542,sunshine_li.42n,—Ö–∞—Ö–∞—Ö–∞—Ö  #rek #fyp„Ç∑„Çö #tt #fyp„Ç∑„Çöviral #—Ä–µ–∫ ,330800,1030,14800,2300000,"rek, fyp„Ç∑„Çö, tt, fyp„Ç∑„Çöviral, —Ä–µ–∫",–æ—Ä–∏–≥–∏–Ω–∞–ª—å–Ω—ã–π –∑–≤—É–∫,2025-05-15 18:32:30,https://www.tiktok.com/@sunshine_li.42n/video/7504742112697568542
7507896237409013023,mixymama1,"To sum it up. His mama slapped me cause I said they must be f*ck!n the way she take up for him and never hold him accountable. She slapped and I beat her face innnnnnnnn. So he had to jump in and help him mama. Ha! & then they kidnapped my baby. Bless they souls, how a man and woman jump me, I‚Äôm 125 and didn‚Äôt do no damage. Oh baby #fyp #domestic #GodGoneGetIt #Idontcondonein violence #iwouldnever hit my elder but she touched me first ",99500,1641,11000,598400,"fyp, domestic, godgonegetit, idontcondonein, iwouldnever",original sound,2025-05-24 06:32:48,https://www.tiktok.com/@mixymama1/video/7507896237409013023
7507524273699966239,klipzbyblltz,üòÇ #twitch #streamer #fyp #funny #streameruniversity #kaicenat #kai #indialove #ojaysuave @ojaysuave @Indialove ,48400,271,1339,402400,"twitch, streamer, fyp, funny, streameruniversity, kaicenat, kai, indialove, ojaysuave",original sound,2025-05-23 06:29:24,https://www.tiktok.com/@klipzbyblltz/video/7507524273699966239
7507471370494692639,user11678672510692,#summer #middleschool #fyp„Ç∑ #life ,55500,240,1212,647200,"summer, middleschool, fyp„Ç∑, life",The Kids,2025-05-23 03:03:27,https://www.tiktok.com/@user11678672510692/video/7507471370494692639
7505471326589701407,jackdoherty,Happier now :) #jackdoherty ,35500,996,224,995300,jackdoherty,original sound,2025-05-17 17:42:26,https://www.tiktok.com/@jackdoherty/video/7505471326589701407
7507748931770518815,celyy502,ü§£ü§£,76400,822,276,1200000,,sonido original,2025-05-23 21:00:33,https://www.tiktok.com/@celyy502/video/7507748931770518815
7504887644590001439,matthewmaduzia,@Ulta Beauty @Miranda ,73300,323,7599,488200,,original sound,2025-05-16 03:57:27,https://www.tiktok.com/@matthewmaduzia/video/7504887644590001439
7507641080901340447,carlyrsilverman,he did so good ü•πü•πü•π  #pregnancyannouncement #pregnancy ,301600,543,2039,2300000,"pregnancyannouncement, pregnancy",Our Love Was Beautiful - Instrumental Version,2025-05-23 14:02:23,https://www.tiktok.com/@carlyrsilverman/video/7507641080901340447
7508033811955993878,vrcetti,Tylil got super emotional after finding out he was meeting LEBRON JAMES #kaicenat #tylilshow #streameruniversity ,207100,455,1944,1300000,"kaicenat, tylilshow, streameruniversity",Present,2025-05-24 15:25:51,https://www.tiktok.com/@vrcetti/video/7508033811955993878
7507728132389178670,isaacyandreajuegos,Este juego es dif√≠cilüòÇ #juegos #viral #parati ,73200,952,481,3800000,"juegos, viral, parati",Funny,2025-05-23 19:40:14,https://www.tiktok.com/@isaacyandreajuegos/video/7507728132389178670
7507370067815075118,izzyrene3,Emilie we are all thinking of you and rallying behind you!! We love you and praying for your family!! #prayfortrigg #emiliekiser #bradykiser ,53800,159,481,438600,"prayfortrigg, emiliekiser, bradykiser","Bundle of Joy (From ""Inside Out"") - Piano Version",2025-05-22 20:30:23,https://www.tiktok.com/@izzyrene3/video/7507370067815075118
7507240240394947870,user710175016351,,206500,10700,915,948500,,original sound,2025-05-22 12:06:34,https://www.tiktok.com/@user710175016351/video/7507240240394947870
7507683249733242143,paultooreall,Like it be keeping me awake #fyp #foryou #relatable #jesuslovesyou ,134700,328,3573,523900,"fyp, foryou, relatable, jesuslovesyou",She was 11 Dr Phil,2025-05-23 16:45:41,https://www.tiktok.com/@paultooreall/video/7507683249733242143
7507328394346941714,kazi_544,–ò –¢–ï–ë–ï –ü–†–ò–•–û–î–ò–¢–°–Ø –°–ú–û–¢–†–ï–¢–¨ –≠–¢–£ –ü–ê–†–ê–®–£ #fyp ,344500,2770,47900,1600000,fyp,–æ—Ä–∏–≥–∏–Ω–∞–ª—å–Ω—ã–π –∑–≤—É–∫,2025-05-22 17:48:27,https://www.tiktok.com/@kazi_544/video/7507328394346941714
7507755205434395950,ellareames,he would‚Äôve kept going forever üò≠üò≠üò≠ @Billy Howard ,147300,820,11900,1000000,,original sound,2025-05-23 21:25:20,https://www.tiktok.com/@ellareames/video/7507755205434395950
7507838350007602475,kinggscoob,You Ain‚Äôt Get The Memo ü´§üò© #fyp„Ç∑ #fyp„Ç∑„Çöviral #streameruniversity #zoespencer #kaicenat #kaicenatclips #zeddywill #ddg #viral #iwanttogoviral #fyp ,92400,555,1801,750700,"fyp„Ç∑, fyp„Ç∑„Çöviral, streameruniversity, zoespencer, kaicenat, kaicenatclips, zeddywill, ddg, viral, iwanttogoviral, fyp",original sound,2025-05-24 02:48:03,https://www.tiktok.com/@kinggscoob/video/7507838350007602475
7505049014673444142,houseofhighlights,This pool is HUGE. üò≥ü§Ø (via swim_g.morning/ig) #swim #swimming #dive #pool #jump #water ,48100,5246,11200,2500000,"swim, swimming, dive, pool, jump, water",original sound,2025-05-16 14:23:29,https://www.tiktok.com/@houseofhighlights/video/7505049014673444142
7504783085674843423,jake.xo,WE need this bro ü•Ä#gym #gymtok #fyp #gymhumor ,462500,66700,34300,1700000,"gym, gymtok, fyp, gymhumor",forest temple OOT,2025-05-15 21:11:25,https://www.tiktok.com/@jake.xo/video/7504783085674843423
7507650207556095278,bruna.conce,The day my life changed forever #proposal ,1000000,1468,41400,3800000,proposal,original sound,2025-05-23 14:38:12,https://www.tiktok.com/@bruna.conce/video/7507650207556095278
7507262699064020270,ashleygemelli,@Flavor Flav #fyp #foryoupage #holyairball #viral #publicenemy #flavorflav,61600,602,1321,522000,"fyp, foryoupage, holyairball, viral, publicenemy, flavorflav",ECE Marketing Airball,2025-05-22 13:33:42,https://www.tiktok.com/@ashleygemelli/video/7507262699064020270
7507367790572096784,emekaajr,@Mousmine‚òîÔ∏è w duo,270400,1808,25800,2000000,,original sound,2025-05-22 20:21:29,https://www.tiktok.com/@emekaajr/video/7507367790572096784
7507749325649530158,tahaniariel,Replying to @Jasmine here go the og dance w my flava on it üåù #dance #tahaniariel ,98300,312,478,568600,"dance, tahaniariel",I Aint Got No Panties on on the Dance Flooo,2025-05-23 21:02:31,https://www.tiktok.com/@tahaniariel/video/7507749325649530158
7506260154988383530,kyanevergoesoutside,the dior lip oil is so scary and pricey üòî #dior #diorlipoil #makeup #trending #grwm #foryou #relatable #beauty #skincare #fyp #makeup ,235700,507,2179,1600000,"dior, diorlipoil, makeup, trending, grwm, foryou, relatable, beauty, skincare, fyp",original sound,2025-05-19 20:43:47,https://www.tiktok.com/@kyanevergoesoutside/video/7506260154988383530
7507093698253950238,ileaveuonread,"i have natural wavy hair (not sure which pattern üò≠) since i‚Äôve bleached it, i wanna revive my hair but not sure what products to use n such",48600,529,241,607300,,pyramids instrumental,2025-05-22 02:37:54,https://www.tiktok.com/@ileaveuonread/video/7507093698253950238
7507392725763820830,ollie.jimenez,Last lift as a sophmore #315 ,19900,111,408,207000,315,original sound,2025-05-22 21:58:11,https://www.tiktok.com/@ollie.jimenez/video/7507392725763820830
7507416250394447147,pepinosthrift,The baldbandit tried cooking meüòÇüòÇbros too slow #y2k #grunge #skate #skulls #tapout #mmaelite #depop #depopseller #depophaul #vintageclothes #raybansmeta #metaglasses #raybans  #tiktokindia #baggyjeans #baggypants #jessepinkman #jessepinkmanedit #fyp #funny #pov #depopseller #dayinlife #goodwillfinds #goodwillbins #vintage #reseller #goodwillbins #goodwillbinsfinds ,98700,394,5485,560100,"y2k, grunge, skate, skulls, tapout, mmaelite, depop, depopseller, depophaul, vintageclothes, raybansmeta, metaglasses, raybans, tiktokindia, baggyjeans, baggypants, jessepinkman, jessepinkmanedit, fyp, funny, pov, dayinlife, goodwillfinds, goodwillbins, vintage, reseller, goodwillbinsfinds",original sound,2025-05-22 23:29:32,https://www.tiktok.com/@pepinosthrift/video/7507416250394447147
7498688351923342614,alex_jesse1,The Secret Technique to Make a Watermelon Red!,115500,481,17300,4400000,,original sound,2025-04-29 11:00:40,https://www.tiktok.com/@alex_jesse1/video/7498688351923342614
7507311735078948139,clash.with.keeg,#clashroyale #clashroyalememes #supercell #clashtok #fyp„ÉÑ ,246400,1164,12300,1900000,"clashroyale, clashroyalememes, supercell, clashtok, fyp„ÉÑ",–æ—Ä–∏–≥–∏–Ω–∞–ª—å–Ω—ã–π –∑–≤—É–∫,2025-05-22 16:43:58,https://www.tiktok.com/@clash.with.keeg/video/7507311735078948139
7507785593783455019,houseofhighlights,ü•π. #nba #bball #basketball #hoops #knicks ,35500,189,616,700700,"nba, bball, basketball, hoops, knicks",original sound,2025-05-23 23:23:10,https://www.tiktok.com/@houseofhighlights/video/7507785593783455019
7507831959951805752,soyloruga38,Happy 20 birthday to meü•≥‚ù§Ô∏è#parati #cumplea√±os #viral ,58200,222,385,872700,"parati, cumplea√±os, viral",sonido original,2025-05-24 02:22:32,https://www.tiktok.com/@soyloruga38/video/7507831959951805752
7498056280557374763,gabbyranda,I know she was probably mad about her window but baby I can never just see somebody who seems to be unconscious and not do nothing üò≠üò≠üò≠üò≠ to whoever this women is im sorry boo I couldn‚Äôt wake you up üò´üò´üò´üò´ #chicago #overeast ,90800,2857,2122,1000000,"chicago, overeast",original sound,2025-04-27 18:08:17,https://www.tiktok.com/@gabbyranda/video/7498056280557374763
7507407823370767646,kelleylorraine_,I think he resonated with part of thatüòÇ,108300,581,8662,1600000,,original sound,2025-05-22 22:56:45,https://www.tiktok.com/@kelleylorraine_/video/7507407823370767646
7507467735643802911,jermaine2smoove,üòÇüòÇüòÇ#fyp #viral #basketball #hooper #drake #slam ,49900,369,1090,298700,"fyp, viral, basketball, hooper, drake, slam",Lose You,2025-05-23 02:49:18,https://www.tiktok.com/@jermaine2smoove/video/7507467735643802911
7505188362370829575,jordananthonnypoole,#jordanpoole #smile #fyp ,244300,765,8550,1700000,"jordanpoole, smile, fyp",original sound,2025-05-16 23:24:04,https://www.tiktok.com/@jordananthonnypoole/video/7505188362370829575
7507404564555959583,sophrodriguez.s,yesss,45000,79,615,314600,,original sound,2025-05-22 22:44:07,https://www.tiktok.com/@sophrodriguez.s/video/7507404564555959583
7507290967553150238,ryfry__,hes a fata$$ too so it works ü´∂üèª #fyp #trend #holyairball ,144700,161,24400,602400,"fyp, trend, holyairball",ECE Marketing Airball,2025-05-22 15:23:24,https://www.tiktok.com/@ryfry__/video/7507290967553150238
7508050290822663454,geckbro,"Rules: you have one minute to get the frog to jump. The frog must start completely on the pad. You cannot touch the frog once it leaves the pad. The distance is measured from the pad to the third leap, longest distance wins. Also, If you beat the world record you earn $20k #frog #frogjump",49100,227,2973,1400000,"frog, frogjump",original sound,2025-05-24 16:29:59,https://www.tiktok.com/@geckbro/video/7508050290822663454
7507784180785302815,hiimgeo,Life couldn‚Äôt be better ,58100,140,771,701500,,MAKKA,2025-05-23 23:17:22,https://www.tiktok.com/@hiimgeo/video/7507784180785302815
7508061880133373226,barstoolsports,Not the coin üò≠ @Lights Camera Pod (via:@kkahgssüå†) ,207500,285,5300,1800000,,original sound,2025-05-24 17:15:22,https://www.tiktok.com/@barstoolsports/video/7508061880133373226
7507003941285317934,brooklynrreidhead,guest bath restock‚ú® loooveee a good restock vidüòä #asmrsounds #asmr #restock #restockasmr #guestbathroom #restocking #satisfying #home #organizedhome #organization #aesthetic #asmrrestock #guestbath #organize ,254400,624,3663,2500000,"asmrsounds, asmr, restock, restockasmr, guestbathroom, restocking, satisfying, home, organizedhome, organization, aesthetic, asmrrestock, guestbath, organize",original sound,2025-05-21 20:49:39,https://www.tiktok.com/@brooklynrreidhead/video/7507003941285317934
7507367325260320046,crackedbybryanagain,#griffinmethod #fyp„Ç∑ #yapping #voicechanger ,107900,417,17500,505500,"griffinmethod, fyp„Ç∑, yapping, voicechanger",Gymnopedie No.1 [Piano famous song](204824),2025-05-22 20:19:43,https://www.tiktok.com/@crackedbybryanagain/video/7507367325260320046
7499913381453827374,dreskii03_,Aint no way she aint see herüò≠‚ò†Ô∏è,141600,500,19500,651200,,original sound,2025-05-02 18:15:03,https://www.tiktok.com/@dreskii03_/video/7499913381453827374
7506894663966756098,bansheesia,they are so... tiny üò≠üò≠ @The Hunger Games @Lionsgate #hungergames #hungergamesedit #booktok #booktoker #reading #book #sunriseonthereaping #sotr #haymitch #haymitchabernathy #woodyharrelson #suzannecollins #hungergamescatchingfire #hungergamestheballadofsongbirdsandsnakes #movie #actors #fyp #viral #trend #relatable #reader #bookstagram #loulou #louella #children ,95300,287,1162,967800,"hungergames, hungergamesedit, booktok, booktoker, reading, book, sunriseonthereaping, sotr, haymitch, haymitchabernathy, woodyharrelson, suzannecollins, hungergamescatchingfire, hungergamestheballadofsongbirdsandsnakes, movie, actors, fyp, viral, trend, relatable, reader, bookstagram, loulou, louella, children",Careful What You Wish For,2025-05-21 13:45:22,https://www.tiktok.com/@bansheesia/video/7506894663966756098
7507471493400448298,kodvis,#real #xaviersobased ,90700,394,2153,554400,"real, xaviersobased",original sound,2025-05-23 03:04:29,https://www.tiktok.com/@kodvis/video/7507471493400448298
7507297013197851947,zzzsrollingpaper,Mary Jane - making the mundane memorable since the beginning of time üßº #fyp #skit #mrclean ,101200,1171,35800,1200000,"fyp, skit, mrclean",original sound,2025-05-22 15:46:52,https://www.tiktok.com/@zzzsrollingpaper/video/7507297013197851947
7507044251960610078,fartsnifferxoxo,More gazelle tigers pls #zootopia #zootopia2 #disney ,107100,585,1984,718500,"zootopia, zootopia2, disney",original sound,2025-05-21 23:25:55,https://www.tiktok.com/@fartsnifferxoxo/video/7507044251960610078
7507634095434845482,akillesnyc,#fyp #ddg #indialove #streameruniversity #kaicenat #late #professor #viral #xyzbca #fyp„Ç∑ @DDG @Kai Cenat @Indialove ,40300,215,56,453200,"fyp, ddg, indialove, streameruniversity, kaicenat, late, professor, viral, xyzbca, fyp„Ç∑",original sound,2025-05-23 13:35:53,https://www.tiktok.com/@akillesnyc/video/7507634095434845482
7507367261527641387,bxby.trappa,#414 #milwaukee #fypage ,28000,1612,6367,399300,"414, milwaukee, fypage",Pale Pale Moon Sinners Nola Bounce Mix,2025-05-22 20:19:23,https://www.tiktok.com/@bxby.trappa/video/7507367261527641387
7504411936445041966,loganscandies,Secret Menu Item?! üç¨üç¨üç¨,45500,303,205,1000000,,original sound,2025-05-14 21:11:19,https://www.tiktok.com/@loganscandies/video/7504411936445041966
